ลำดับ,รหัส,ชื่อตัวชี้วัด,ชื่อตัวชี้วัด (อังกฤษ),แหล่งข้อมูล,โฟลเดอร์,ไฟล์,รอบรายงาน,งวดที่คาดหวังในปี,จำนวนแถวผลลัพธ์,หน้า PDF,ระดับ,กลุ่มงาน,คอลัมน์ชื่อตัวชี้วัดในผลลัพธ์,ตารางเฉพาะตัวชี้วัด,ตารางฐานร่วม,บรรทัดในไฟล์รวม,ส่วนในไฟล์รวม
1,AA0101,อัตราการนอนโรงพยาบาลด้วยภาวะที่ควรควบคุมด้วยบริการผู้ป่วยนอก (โรคลมชัก),Epilepsy: Hospitalization rate,HOSxP,01-hosxp,01-hosxp/THIP_AA0101.sql,ทุกปี (รายปี),1,1,295,registered,ภาวะที่ควรควบคุมด้วยบริการผู้ป่วยนอก (ACSC),"indicator_name_th, indicator_name_en",patient,"clinicmember, ipt_newborn, emp, ipt, an_stat, er_regist, labor, ovst, death, iptdiag, ovstdiag",L0009241,#2
2,AA0102,อัตราการนอนโรงพยาบาลด้วยภาวะที่ควรควบคุมด้วยบริการผู้ป่วยนอก (โรคปอดอุดกั้น เรื้อรัง),COPD: Hospitalization rate,HOSxP,01-hosxp,01-hosxp/THIP_AA0102.sql,ทุกปี (รายปี),1,1,296,registered,ภาวะที่ควรควบคุมด้วยบริการผู้ป่วยนอก (ACSC),"indicator_name_th, indicator_name_en","patient, iptdiag","clinicmember, ipt_newborn, emp, ipt, an_stat, er_regist, labor, ovst, death, ovstdiag",L0009569,#2
3,AA0103,อัตราการนอนโรงพยาบาลด้วยภาวะที่ควรควบคุมด้วยบริการผู้ป่วยนอก (โรคหืด),Asthma: Hospitalization rate,HOSxP,01-hosxp,01-hosxp/THIP_AA0103.sql,ทุกปี (รายปี),1,1,297,registered,ภาวะที่ควรควบคุมด้วยบริการผู้ป่วยนอก (ACSC),"indicator_name_th, indicator_name_en",patient,"clinicmember, ipt_newborn, emp, ipt, an_stat, er_regist, labor, ovst, death, iptdiag, ovstdiag",L0009908,#2
4,AA0104,อัตราการนอนโรงพยาบาลด้วยภาวะที่ควรควบคุมด้วยบริการผู้ป่วยนอก (โรคเบาหวาน),Diabetes Mellitus (DM): Hospitalization rate,HOSxP,01-hosxp,01-hosxp/THIP_AA0104.sql,ทุกปี (รายปี),1,1,298,registered,ภาวะที่ควรควบคุมด้วยบริการผู้ป่วยนอก (ACSC),"indicator_name_th, indicator_name_en",patient,"clinicmember, ipt_newborn, emp, ipt, an_stat, er_regist, labor, ovst, death, iptdiag, ovstdiag",L0010236,#2
5,AA0105,อัตราการนอนโรงพยาบาลด้วยภาวะที่ควรควบคุมด้วยบริการผู้ป่วยนอก (โรคความดัน โลหิตสูง),Hypertension: Hospitalization rate,HOSxP,01-hosxp,01-hosxp/THIP_AA0105.sql,ทุกปี (รายปี),1,1,299,registered,ภาวะที่ควรควบคุมด้วยบริการผู้ป่วยนอก (ACSC),"indicator_name_th, indicator_name_en",patient,"clinicmember, ipt_newborn, emp, ipt, an_stat, er_regist, labor, ovst, death, iptdiag, ovstdiag",L0010564,#2
6,CA0101,"อัตราการเกิดภาวะหัวใจหยุดเต้นระหว่างผ่าตัดในผู้ป่วยที่มีระดับ ASA physical status I, II ก่อนผ่าตัด","Anesthesia: Intra-operative cardiac arrest ASA physical status I, II",HOSxP,01-hosxp,01-hosxp/THIP_CA0101.sql,ทุกเดือน (รายเดือน),"1, 2, 3, 4, 5, 6, 7, 8, 9, 10, 11, 12",12,189,registered,วิสัญญี/การผ่าตัด (Anesthesia),"indicator_name_th, indicator_name_en","operation_list, operation_anes_detail, operation_cpr","clinicmember, ipt_newborn, emp, ipt, an_stat, er_regist, labor, ovst, patient, death, iptdiag, ovstdiag",L0010892,#2
7,CA0102,ร้อยละของการเยี่ยมผู้ป่วยก่อนการให้ยาระงับความรู้สึกในผู้ป่วยในที่รับการผ่าตัดแบบไม่ ฉุกเฉิน,Anesthesia: Percent of pre-anesthetic visit elective in-patient cases,HOSxP,01-hosxp,01-hosxp/THIP_CA0102.sql,ทุกเดือน (รายเดือน),"1, 2, 3, 4, 5, 6, 7, 8, 9, 10, 11, 12",12,190,registered,วิสัญญี/การผ่าตัด (Anesthesia),"indicator_name_th, indicator_name_en","operation_list, operation_anes, operation_emergency, operation_visit_list","clinicmember, ipt_newborn, emp, ipt, an_stat, er_regist, labor, ovst, patient, death, iptdiag, ovstdiag",L0011290,#2
8,CA0103,ร้อยละของผู้ป่วยที่รับการให้ยาระงับความรู้สึกที่ได้รับการดูแลในห้องพักฟื้น,Anesthesia: Percent of patients observed in recovery room,HOSxP,01-hosxp,01-hosxp/THIP_CA0103.sql,ทุกเดือน (รายเดือน),"1, 2, 3, 4, 5, 6, 7, 8, 9, 10, 11, 12",12,191,registered,วิสัญญี/การผ่าตัด (Anesthesia),"indicator_name_th, indicator_name_en","operation_list, operation_recovery_room, operation_anes","clinicmember, ipt_newborn, emp, ipt, an_stat, er_regist, labor, ovst, patient, death, iptdiag, ovstdiag",L0011730,#2
9,CA0104,ร้อยละของผู้ป่วยได้รับการใส่ท่อหายใจซ้ำภายใน 2 ชั่วโมงหลังการถอดท่อหายใจ,Anesthesia: Percent of re-intubation within 2 hours after extubation,HOSxP,01-hosxp,01-hosxp/THIP_CA0104.sql,ทุกเดือน (รายเดือน),"1, 2, 3, 4, 5, 6, 7, 8, 9, 10, 11, 12",12,192,registered,วิสัญญี/การผ่าตัด (Anesthesia),"indicator_name_th, indicator_name_en","operation_list, operation_anes, operation_anes_problem, operation_airway_solution","clinicmember, ipt_newborn, emp, ipt, an_stat, er_regist, labor, ovst, patient, death, iptdiag, ovstdiag",L0012120,#2
10,CA0105,ร้อยละของผู้ป่วยที่ดมยาสลบได้รับการเฝ้าระวังระดับก๊าซคาร์บอนไดออกไซด์ ในลมหายใจออก,Anesthesia: Percent of using capnometry during general anesthesia,HOSxP,01-hosxp,01-hosxp/THIP_CA0105.sql,ทุกเดือน (รายเดือน),"1, 2, 3, 4, 5, 6, 7, 8, 9, 10, 11, 12",12,193,registered,วิสัญญี/การผ่าตัด (Anesthesia),"indicator_name_th, indicator_name_en","operation_list, operation_anes, operation_anes_detail, ipd_nurse_note","clinicmember, ipt_newborn, emp, ipt, an_stat, er_regist, labor, ovst, patient, death, iptdiag, ovstdiag",L0012556,#2
11,CE0101,ร้อยละผู้ป่วยห้องฉุกเฉินที่มีภาวะติดเชื้อในกระแสโลหิตได้รับยาต้านจุลชีพ ภายใน 3 ชั่วโมง,Sepsis: Percent of broad-spectrum antibiotic receiving within 3 hours,HOSxP,01-hosxp,01-hosxp/THIP_CE0101.sql,ทุกเดือน (รายเดือน),"1, 2, 3, 4, 5, 6, 7, 8, 9, 10, 11, 12",12,203,registered,ห้องฉุกเฉิน (ER),"indicator_name_th, indicator_name_en","opitemrece, drugitems","clinicmember, ipt_newborn, emp, ipt, an_stat, er_regist, labor, ovst, patient, death, iptdiag, ovstdiag",L0012924,#2
12,CE0102,ค่าเฉลี่ยระยะเวลาการเข้ารับ-ออกจากบริการของผู้ป่วยที่มารับบริการที่ห้องฉุกเฉิน,"ER: Average dmergency department (ED) TIME-IN, TIME-OUT",HOSxP,01-hosxp,01-hosxp/THIP_CE0102.sql,ทุกเดือน (รายเดือน),"1, 2, 3, 4, 5, 6, 7, 8, 9, 10, 11, 12",12,204,registered,ห้องฉุกเฉิน (ER),"indicator_name_th, indicator_name_en",,"clinicmember, ipt_newborn, emp, ipt, an_stat, er_regist, labor, ovst, patient, death, iptdiag, ovstdiag",L0013266,#2
13,CE0103,ร้อยละของผู้ป่วยฉุกเฉินมากที่ได้รับบริการที่ห้องฉุกเฉินระยะเวลาภายใน 60 นาที,"ER: Percent of emergency patients recieveing emergency service (ED TIME-IN, TIME-OUT) within 60 minutes",HOSxP,01-hosxp,01-hosxp/THIP_CE0103.sql,ทุกเดือน (รายเดือน),"1, 2, 3, 4, 5, 6, 7, 8, 9, 10, 11, 12",12,206,registered,ห้องฉุกเฉิน (ER),"indicator_name_th, indicator_name_en",,"clinicmember, ipt_newborn, emp, ipt, an_stat, er_regist, labor, ovst, patient, death, iptdiag, ovstdiag",L0013594,#2
14,CE0104,ร้อยละผู้ป่วยห้องฉุกเฉิน ที่มีภาวะติดเชื้อในกระแสโลหิตได้รับยาต้านจุลชีพภายใน 1 ชั่วโมง,Sepsis: Percent of broad-spectrum antibiotic received within 1 hour in emergency room,HOSxP,01-hosxp,01-hosxp/THIP_CE0104.sql,ทุกเดือน (รายเดือน),"1, 2, 3, 4, 5, 6, 7, 8, 9, 10, 11, 12",12,207,registered,ห้องฉุกเฉิน (ER),"indicator_name_th, indicator_name_en",ovstdiag,"clinicmember, ipt_newborn, emp, ipt, an_stat, er_regist, labor, ovst, patient, death, iptdiag",L0013922,#2
15,CG0101,อัตราการเกิดแผลกดทับในโรงพยาบาล,Pressure ulcer/injury: Rate of pressure ulcer,HOSxP,01-hosxp,01-hosxp/THIP_CG0101.sql,ทุกเดือน (รายเดือน),"1, 2, 3, 4, 5, 6, 7, 8, 9, 10, 11, 12",12,197,registered,ความปลอดภัยผู้ป่วย (Patient safety),"indicator_name_th, indicator_name_en","iptdiag, ipd_nurse_note","clinicmember, ipt_newborn, emp, ipt, an_stat, er_regist, labor, ovst, patient, death, ovstdiag",L0014258,#2
16,CG0102,อัตราการเกิดแผลกดทับในโรงพยาบาลในผู้ป่วยกลุ่มเสี่ยง,Pressure ulcer/injury: Rate of pressure ulcer in risk patients,HOSxP,01-hosxp,01-hosxp/THIP_CG0102.sql,ทุกเดือน (รายเดือน),"1, 2, 3, 4, 5, 6, 7, 8, 9, 10, 11, 12",12,199,registered,ความปลอดภัยผู้ป่วย (Patient safety),"indicator_name_th, indicator_name_en","ipd_nurse_note, iptdiag","clinicmember, ipt_newborn, emp, ipt, an_stat, er_regist, labor, ovst, patient, death, ovstdiag",L0014626,#2
17,CI0101,ร้อยละการเสียชีวิตของผู้ป่วยในจากภาวะติดเชื้อในกระแสโลหิต,Sepsis: Percent of mortality,HOSxP,01-hosxp,01-hosxp/THIP_CI0101.sql,ทุกเดือน (รายเดือน),"1, 2, 3, 4, 5, 6, 7, 8, 9, 10, 11, 12",12,208,registered,การติดเชื้อในกระแสเลือด (Sepsis),"indicator_name_th, indicator_name_en",,"clinicmember, ipt_newborn, emp, ipt, an_stat, er_regist, labor, ovst, patient, death, iptdiag, ovstdiag",L0015030,#2
18,CM0101,สัดส่วนการตายของมารดาจากการตั้งครรภ์ และ/หรือการคลอด (ต่อแสนทารกเกิดมีชีพ),"Maternal: Mortality rate of mother from pregnancy and/or labour (1:100,000)",HOSxP,01-hosxp,01-hosxp/THIP_CM0101.sql,ทุกปี (รายปี),1,1,170,registered,มารดาและการคลอด (Maternal),"indicator_name_th, indicator_name_en","ipt_newborn, ipt, death","clinicmember, emp, an_stat, er_regist, labor, ovst, patient, iptdiag, ovstdiag",L0015358,#2
19,CM0104,ร้อยละการรับกลับเข้าโรงพยาบาลของผู้คลอด Caesarean section ภายใน 28 วัน โดย ไม่ได้วางแผน,Maternal: Percent of unplanned re-admission of Caesarean section within 28 days,HOSxP,01-hosxp,01-hosxp/THIP_CM0104.sql,ทุกเดือน (รายเดือน),"1, 2, 3, 4, 5, 6, 7, 8, 9, 10, 11, 12",12,171,registered,มารดาและการคลอด (Maternal),"indicator_name_th, indicator_name_en",ipt,"clinicmember, ipt_newborn, emp, an_stat, er_regist, labor, ovst, patient, death, iptdiag, ovstdiag",L0015746,#2
20,CM0105,ระยะเวลาวันนอนเฉลี่ยของผู้คลอดโดยการผ่าตัดคลอดทางหน้าท้อง,Maternal: Average length of stay of Caesarean section,HOSxP,01-hosxp,01-hosxp/THIP_CM0105.sql,ทุกเดือน (รายเดือน),"1, 2, 3, 4, 5, 6, 7, 8, 9, 10, 11, 12",12,172,registered,มารดาและการคลอด (Maternal),"indicator_name_th, indicator_name_en",,"clinicmember, ipt_newborn, emp, ipt, an_stat, er_regist, labor, ovst, patient, death, iptdiag, ovstdiag",L0016090,#2
21,CM0107,ร้อยละการตกเลือดหลังคลอดเฉียบพลันกรณีคลอดทางช่องคลอด,Maternal: Percent of Immediate postpartum hemorrhage (vaginal delivery),HOSxP,01-hosxp,01-hosxp/THIP_CM0107.sql,ทุกเดือน (รายเดือน),"1, 2, 3, 4, 5, 6, 7, 8, 9, 10, 11, 12",12,173,registered,มารดาและการคลอด (Maternal),"indicator_name_th, indicator_name_en","iptdiag, labor","clinicmember, ipt_newborn, emp, ipt, an_stat, er_regist, ovst, patient, death, ovstdiag",L0016418,#2
22,CM0109,ร้อยละการชักขณะตั้งครรภ์ คลอดหรือหลังคลอด,Maternal: Percent of eclampsia in pregnancy induce hypertension,HOSxP,01-hosxp,01-hosxp/THIP_CM0109.sql,ทุกเดือน (รายเดือน),"1, 2, 3, 4, 5, 6, 7, 8, 9, 10, 11, 12",12,174,registered,มารดาและการคลอด (Maternal),"indicator_name_th, indicator_name_en",iptdiag,"clinicmember, ipt_newborn, emp, ipt, an_stat, er_regist, labor, ovst, patient, death, ovstdiag",L0016758,#2
23,CM0110,อัตราหญิงตั้งครรภ์ที่มีภาวะเบาหวาน,Maternal: Percent of gestational DM,HOSxP,01-hosxp,01-hosxp/THIP_CM0110.sql,ทุกเดือน (รายเดือน),"1, 2, 3, 4, 5, 6, 7, 8, 9, 10, 11, 12",12,175,registered,มารดาและการคลอด (Maternal),"indicator_name_th, indicator_name_en",iptdiag,"clinicmember, ipt_newborn, emp, ipt, an_stat, er_regist, labor, ovst, patient, death, ovstdiag",L0017093,#2
24,CM0116,ร้อยละการได้รับ prophylactic antibiotic ในการผ่าตัด abdominal hysterectomy,Maternal: Percent of receiving antibiotic prophylaxis in abdominal hysterectomy,HOSxP,01-hosxp,01-hosxp/THIP_CM0116.sql,ทุกเดือน (รายเดือน),"1, 2, 3, 4, 5, 6, 7, 8, 9, 10, 11, 12",12,176,registered,มารดาและการคลอด (Maternal),"indicator_name_th, indicator_name_en","iptoprt, drugitems, opitemrece","clinicmember, ipt_newborn, emp, ipt, an_stat, er_regist, labor, ovst, patient, death, iptdiag, ovstdiag",L0017428,#2
25,CM0117,ร้อยละการติดเชื้อแผลผ่าตัด Abdominal hysterectomy,Maternal: Percent of abdominal hysterectomy associated infection,HOSxP,01-hosxp,01-hosxp/THIP_CM0117.sql,ทุกเดือน (รายเดือน),"1, 2, 3, 4, 5, 6, 7, 8, 9, 10, 11, 12",12,177,registered,มารดาและการคลอด (Maternal),"indicator_name_th, indicator_name_en","iptoprt, iptdiag, ipt, an_stat","clinicmember, ipt_newborn, emp, er_regist, labor, ovst, patient, death, ovstdiag",L0017782,#2
26,CM0118,ร้อยละการผ่าตัดคลอดบุตรปฐมภูมิของโรงพยาบาล,Maternal: Percent of primary cesarean section,HOSxP,01-hosxp,01-hosxp/THIP_CM0118.sql,ทุกเดือน (รายเดือน),"1, 2, 3, 4, 5, 6, 7, 8, 9, 10, 11, 12",12,178,registered,มารดาและการคลอด (Maternal),"indicator_name_th, indicator_name_en","iptdiag, iptoprt","clinicmember, ipt_newborn, emp, ipt, an_stat, er_regist, labor, ovst, patient, death, ovstdiag",L0018148,#2
27,CM0119,ร้อยละการผ่าตัดคลอดบุตรทั้งหมดของโรงพยาบาล,Maternal: Percent of overall cesarean section,HOSxP,01-hosxp,01-hosxp/THIP_CM0119.sql,ทุกเดือน (รายเดือน),"1, 2, 3, 4, 5, 6, 7, 8, 9, 10, 11, 12",12,179,registered,มารดาและการคลอด (Maternal),"indicator_name_th, indicator_name_en",iptoprt,"clinicmember, ipt_newborn, emp, ipt, an_stat, er_regist, labor, ovst, patient, death, iptdiag, ovstdiag",L0018476,#2
28,CM0201,อัตราการตายปริกำเนิด (อายุครรภ์ตั้งแต่ 24 สัปดาห์),Child: Perinatal mortality rate (24 weeks),HOSxP,01-hosxp,01-hosxp/THIP_CM0201.sql,ทุกเดือน (รายเดือน),"1, 2, 3, 4, 5, 6, 7, 8, 9, 10, 11, 12",12,180,registered,มารดาและการคลอด (Maternal),"indicator_name_th, indicator_name_en","death, ipt_pregnancy","clinicmember, ipt_newborn, emp, ipt, an_stat, er_regist, labor, ovst, patient, iptdiag, ovstdiag",L0018804,#2
29,CM0202,อัตราการตายปริกำเนิด (อายุครรภ์ตั้งแต่ 28 สัปดาห์),Child: Perinatal mortality rate (28 weeks),HOSxP,01-hosxp,01-hosxp/THIP_CM0202.sql,ทุกเดือน (รายเดือน),"1, 2, 3, 4, 5, 6, 7, 8, 9, 10, 11, 12",12,181,registered,มารดาและการคลอด (Maternal),"indicator_name_th, indicator_name_en","death, ipt_pregnancy","clinicmember, ipt_newborn, emp, ipt, an_stat, er_regist, labor, ovst, patient, iptdiag, ovstdiag",L0019156,#2
30,CM0203,อัตราการตายของทารกแรกเกิด,Child: Neonatal mortality rate,HOSxP,01-hosxp,01-hosxp/THIP_CM0203.sql,ทุกเดือน (รายเดือน),"1, 2, 3, 4, 5, 6, 7, 8, 9, 10, 11, 12",12,182,registered,มารดาและการคลอด (Maternal),"indicator_name_th, indicator_name_en",death,"clinicmember, ipt_newborn, emp, ipt, an_stat, er_regist, labor, ovst, patient, iptdiag, ovstdiag",L0019508,#2
31,CM0204,อัตราการขาดออกซิเจนในทารกแรกเกิด,Child: Birth asphyxia rate,HOSxP,01-hosxp,01-hosxp/THIP_CM0204.sql,ทุกเดือน (รายเดือน),"1, 2, 3, 4, 5, 6, 7, 8, 9, 10, 11, 12",12,183,registered,มารดาและการคลอด (Maternal),"indicator_name_th, indicator_name_en","iptdiag, ipt_newborn","clinicmember, emp, ipt, an_stat, er_regist, labor, ovst, patient, death, ovstdiag",L0019850,#2
32,CM0205,อัตราการขาดออกซิเจนรุนแรงในทารกแรกเกิด,Child: Severe birth asphyxia rate,HOSxP,01-hosxp,01-hosxp/THIP_CM0205.sql,ทุกเดือน (รายเดือน),"1, 2, 3, 4, 5, 6, 7, 8, 9, 10, 11, 12",12,184,registered,มารดาและการคลอด (Maternal),"indicator_name_th, indicator_name_en","iptdiag, ipt_newborn","clinicmember, emp, ipt, an_stat, er_regist, labor, ovst, patient, death, ovstdiag",L0020189,#2
33,CM0206,"ร้อยละทารกแรกเกิดน้ำหนักต่ำกว่า 2,500 กรัม",Child: Percent of low birth weight < 2500 grams,HOSxP,01-hosxp,01-hosxp/THIP_CM0206.sql,ทุกเดือน (รายเดือน),"1, 2, 3, 4, 5, 6, 7, 8, 9, 10, 11, 12",12,185,registered,มารดาและการคลอด (Maternal),"indicator_name_th, indicator_name_en",ipt_newborn,"clinicmember, emp, ipt, an_stat, er_regist, labor, ovst, patient, death, iptdiag, ovstdiag",L0020528,#2
34,CM0207,"ร้อยละการเสียชีวิตในโรงพยาบาลของทารกแรกเกิดน้ำหนักต่ำกว่า 1,000 กรัมภายใน 28 วัน","Child: Percent of neonatal mortality with birth weight < 1,000 grams within 28 days",HOSxP,01-hosxp,01-hosxp/THIP_CM0207.sql,ทุกเดือน (รายเดือน),"1, 2, 3, 4, 5, 6, 7, 8, 9, 10, 11, 12",12,186,registered,มารดาและการคลอด (Maternal),"indicator_name_th, indicator_name_en",ipt_newborn,"clinicmember, emp, ipt, an_stat, er_regist, labor, ovst, patient, death, iptdiag, ovstdiag",L0020859,#2
35,CM0208,"ร้อยละการเสียชีวิตในโรงพยาบาลของทารกแรกเกิดน้ำหนัก 1,000-1,499 กรัม ภายใน 28 วัน","Child: Percent of neonatal mortality with birth weight between 1,000 - 1,499 grams within 28 days",HOSxP,01-hosxp,01-hosxp/THIP_CM0208.sql,ทุกเดือน (รายเดือน),"1, 2, 3, 4, 5, 6, 7, 8, 9, 10, 11, 12",12,187,registered,มารดาและการคลอด (Maternal),"indicator_name_th, indicator_name_en",ipt_newborn,"clinicmember, emp, ipt, an_stat, er_regist, labor, ovst, patient, death, iptdiag, ovstdiag",L0021195,#2
36,CM0209,"ร้อยละการเสียชีวิตในโรงพยาบาลของทารกแรกเกิดน้ำหนัก 1,500 - 2,499 กรัมภายใน 28 วัน","Child: Percent of neonatal mortality with birth weight between 1,500 - 2,499 grams within 28 days",HOSxP,01-hosxp,01-hosxp/THIP_CM0209.sql,ทุกเดือน (รายเดือน),"1, 2, 3, 4, 5, 6, 7, 8, 9, 10, 11, 12",12,188,registered,มารดาและการคลอด (Maternal),"indicator_name_th, indicator_name_en",ipt_newborn,"clinicmember, emp, ipt, an_stat, er_regist, labor, ovst, patient, death, iptdiag, ovstdiag",L0021531,#2
37,CO0101,ร้อยละของการใช้แบบตรวจสอบเพื่อความปลอดภัยของผู้ป่วยเมื่อมารับการตรวจรักษา ในห้องผ่าตัด,Operation: Percent of using surgical safety check list,HOSxP,01-hosxp,01-hosxp/THIP_CO0101.sql,ทุกเดือน (รายเดือน),"1, 2, 3, 4, 5, 6, 7, 8, 9, 10, 11, 12",12,194,registered,การผ่าตัด/ห้องผ่าตัด (OR),"indicator_name_th, indicator_name_en","operation_list, operation_detail, operation_screen_in","clinicmember, ipt_newborn, emp, ipt, an_stat, er_regist, labor, ovst, patient, death, iptdiag, ovstdiag",L0021867,#2
38,CO0105,ร้อยละการเสียชีวิตของผู้ป่วยผ่าตัดใน 24 ชั่วโมง,Operation: Percent of peri-operative mortality within 24 hours,HOSxP,01-hosxp,01-hosxp/THIP_CO0105.sql,ทุกเดือน (รายเดือน),"1, 2, 3, 4, 5, 6, 7, 8, 9, 10, 11, 12",12,195,registered,การผ่าตัด/ห้องผ่าตัด (OR),"indicator_name_th, indicator_name_en","operation_list, operation_detail, operation_anes, operation_emergency, death","clinicmember, ipt_newborn, emp, ipt, an_stat, er_regist, labor, ovst, patient, iptdiag, ovstdiag",L0022228,#2
39,CO0107,ร้อยละการผ่าตัดซ้ำ,Operation: Percent of re-operation,HOSxP,01-hosxp,01-hosxp/THIP_CO0107.sql,ทุกเดือน (รายเดือน),"1, 2, 3, 4, 5, 6, 7, 8, 9, 10, 11, 12",12,196,registered,การผ่าตัด/ห้องผ่าตัด (OR),"indicator_name_th, indicator_name_en",operation_list,"clinicmember, ipt_newborn, emp, ipt, an_stat, er_regist, labor, ovst, patient, death, iptdiag, ovstdiag",L0022608,#2
40,CP0101,ร้อยละผู้ปกครองของเด็กสมาธิสั้น/LD/MDD รายใหม่ที่มารับการบำบัดรักษาในรอบ 6 เดือน และมารับการรักษาตามนัด,Percent of carers of children with ADHD/LD/MDD having good compliance to treatment,HOSxP,01-hosxp,01-hosxp/THIP_CP0101.sql,ทุก 6 เดือน (รายครึ่งปี),"1, 7",2,209,registered,จิตเวชเด็กและวัยรุ่น (Child psychiatry),"indicator_name_th, indicator_name_en","ovstdiag, psych_plan, psych_therapy, ovst","clinicmember, ipt_newborn, emp, ipt, an_stat, er_regist, labor, patient, death, iptdiag",L0022937,#2
41,CP0201,ร้อยละเด็กที่สงสัยโรคในกลุ่มพัฒนาการได้รับการวินิจฉัยภายใน 90 วัน,Percent of children with neurodevelopmental disorder being diagnosed within 90 days after registration,HOSxP,01-hosxp,01-hosxp/THIP_CP0201.sql,ทุก 3 เดือน (รายไตรมาส),"1, 4, 7, 10",4,210,registered,จิตเวชเด็กและวัยรุ่น (Child psychiatry),"indicator_name_th, indicator_name_en","psych_screen_child, ovstdiag","clinicmember, ipt_newborn, emp, ipt, an_stat, er_regist, labor, ovst, patient, death, iptdiag",L0023295,#2
42,DC0103,ร้อยละของผู้ป่วยเบาหวานได้รับการคัดกรองเบาหวานเข้าจอประสาทตา,DM: Percent of diabetic retinopathy screening,HOSxP,01-hosxp,01-hosxp/THIP_DC0103.sql,ทุกปี (รายปี),1,1,101,registered,มะเร็ง (Cancer),"indicator_name_th, indicator_name_en","iptoprt, ovstdiag, ovst","clinicmember, ipt_newborn, emp, ipt, an_stat, er_regist, labor, patient, death, iptdiag",L0023640,#2
43,DC0107,ร้อยละผู้ป่วยเบาหวานได้รับการตัดขาจากภาวะแทรกซ้อนของโรคเบาหวาน,DM: Percent of lower-extremity amputation among patients with diabetes,HOSxP,01-hosxp,01-hosxp/THIP_DC0107.sql,ทุกเดือน (รายเดือน),"1, 2, 3, 4, 5, 6, 7, 8, 9, 10, 11, 12",12,102,registered,มะเร็ง (Cancer),"indicator_name_th, indicator_name_en",iptoprt,"clinicmember, ipt_newborn, emp, ipt, an_stat, er_regist, labor, ovst, patient, death, iptdiag, ovstdiag",L0023981,#2
44,DC0108,ร้อยละของผู้ป่วยเบาหวานผู้ใหญ่ที่ควบคุมระดับน้ำตาลในเลือดได้ดี,DM: Percent of good controlled of blood sugar in adult,HOSxP,01-hosxp,01-hosxp/THIP_DC0108.sql,ทุก 6 เดือน (รายครึ่งปี),"1, 7",2,103,registered,มะเร็ง (Cancer),"indicator_name_th, indicator_name_en","lab_items, lab_order, lab_head","clinicmember, ipt_newborn, emp, ipt, an_stat, er_regist, labor, ovst, patient, death, iptdiag, ovstdiag",L0024315,#2
45,DC0108.1,ร้อยละของผู้ป่วยเบาหวานผู้ใหญ่อายุเกินกว่า 60 ปี ที่ควบคุมระดับน้ำตาลในเลือดได้ดี,DM: Percent of good controlled of blood sugar in adult aged >= 60 years old,HOSxP,01-hosxp,01-hosxp/THIP_DC0108.1.sql,ทุก 6 เดือน (รายครึ่งปี),"1, 7",2,104,registered,มะเร็ง (Cancer),"indicator_name_th, indicator_name_en","lab_items, lab_order, lab_head","clinicmember, ipt_newborn, emp, ipt, an_stat, er_regist, labor, ovst, patient, death, iptdiag, ovstdiag",L0024678,#2
46,DC0108.2,ร้อยละของผู้ป่วยเบาหวานผู้ใหญ่อายุน้อยกว่า 60 ปี ที่ควบคุมระดับน้ำตาลในเลือดได้ดี,DM: Percent of good controlled of blood sugar in adult aged < 60 years old,HOSxP,01-hosxp,01-hosxp/THIP_DC0108.2.sql,ทุก 6 เดือน (รายครึ่งปี),"1, 7",2,105,registered,มะเร็ง (Cancer),"indicator_name_th, indicator_name_en","lab_items, lab_order, lab_head","clinicmember, ipt_newborn, emp, ipt, an_stat, er_regist, labor, ovst, patient, death, iptdiag, ovstdiag",L0025022,#2
47,DC0201,ร้อยละผู้ป่วยความดันโลหิตสูงที่ควบคุมความดันโลหิตได้ดี,HT: Percent of good controlled of blood pressure,HOSxP,01-hosxp,01-hosxp/THIP_DC0201.sql,ทุก 6 เดือน (รายครึ่งปี),"1, 7",2,106,registered,มะเร็ง (Cancer),"indicator_name_th, indicator_name_en","opdscreen, ovst","clinicmember, ipt_newborn, emp, ipt, an_stat, er_regist, labor, patient, death, iptdiag, ovstdiag",L0025366,#2
48,DC0201.1,ร้อยละผู้ป่วยความดันโลหิตสูงอายุน้อยกว่า 65 ปี ที่ควบคุมความดันโลหิตได้ดี,HT: Percent of good controlled of blood pressure of patient aged < 65 years old,HOSxP,01-hosxp,01-hosxp/THIP_DC0201.1.sql,ทุก 6 เดือน (รายครึ่งปี),"1, 7",2,108,registered,มะเร็ง (Cancer),"indicator_name_th, indicator_name_en","opdscreen, ovst","clinicmember, ipt_newborn, emp, ipt, an_stat, er_regist, labor, patient, death, iptdiag, ovstdiag",L0025713,#2
49,DC0201.2,ร้อยละผู้ป่วยความดันโลหิตสูงอายุเกินกว่า 65 ปี ที่ควบคุมความดันโลหิตได้ดี,HT: Percent of good controlled of blood pressure of patient aged >= 65 years old,HOSxP,01-hosxp,01-hosxp/THIP_DC0201.2.sql,ทุก 6 เดือน (รายครึ่งปี),"1, 7",2,109,registered,มะเร็ง (Cancer),"indicator_name_th, indicator_name_en","opdscreen, ovst","clinicmember, ipt_newborn, emp, ipt, an_stat, er_regist, labor, patient, death, iptdiag, ovstdiag",L0026049,#2
50,DC0301,ร้อยละของผู้ติดเชื้อเอชไอวีที่กินยาต้านไวรัส ได้รับการตรวจ Viral load (VL) อย่างน้อย 1 ครั้งต่อปี,HIV: Percent of people living with HIV with at least one test viral load (VL) after ARV treatment,HOSxP,01-hosxp,01-hosxp/THIP_DC0301.sql,ทุกปี (รายปี),1,1,110,registered,มะเร็ง (Cancer),"indicator_name_th, indicator_name_en","arv_tx, ovstdiag, lab_items, lab_head, lab_order","clinicmember, ipt_newborn, emp, ipt, an_stat, er_regist, labor, ovst, patient, death, iptdiag",L0026385,#2
51,DC0302,ร้อยละของผู้ติดเชื้อเอชไอวีที่มี Viral load (VL) < 50 copies/ml หลังจากกินยาต้านไวรัส มาแล้ว 12 เดือน,HIV: Percent of people living with HIV with viral load (VL) < 50 copies/ml after ARV treatment 12 months ago,HOSxP,01-hosxp,01-hosxp/THIP_DC0302.sql,ทุกปี (รายปี),1,1,111,registered,มะเร็ง (Cancer),"indicator_name_th, indicator_name_en","arv_tx, ovstdiag, lab_items, lab_head, lab_order","clinicmember, ipt_newborn, emp, ipt, an_stat, er_regist, labor, ovst, patient, death, iptdiag",L0026740,#2
52,DC0306,ร้อยละของผู้ติดเชื้อเอชไอวีเพศหญิงได้รับการคัดกรองมะเร็งปากมดลูก,HIV: Percent of people living with HIV screening PAP smear,HOSxP,01-hosxp,01-hosxp/THIP_DC0306.sql,ทุกปี (รายปี),1,1,112,registered,มะเร็ง (Cancer),"indicator_name_th, indicator_name_en","arv_tx, ovstdiag, lab_items, lab_head, lab_order","clinicmember, ipt_newborn, emp, ipt, an_stat, er_regist, labor, ovst, patient, death, iptdiag",L0027096,#2
53,DC0307,ร้อยละของผู้ติดเชื้อเอชไอวีรายใหม่ที่ได้รับการตรวจคัดกรองโรคซิฟิลิส,HIV: Percent of people living with HIV newly registered who were tested for syphilis,HOSxP,01-hosxp,01-hosxp/THIP_DC0307.sql,ทุกปี (รายปี),1,1,113,registered,มะเร็ง (Cancer),"indicator_name_th, indicator_name_en","arv_tx, ovstdiag, lab_items, lab_head, lab_order","clinicmember, ipt_newborn, emp, ipt, an_stat, er_regist, labor, ovst, patient, death, iptdiag",L0027446,#2
54,DC0308,ร้อยละของผู้ติดเชื้อเอชไอวี/เอดส์ที่ได้รับการรักษาด้วยยาต้านไวรัส ณ ปัจจุบัน,HIV: Percentage of people living with HIV who were currently receiving antiretroviral therapy,HOSxP,01-hosxp,01-hosxp/THIP_DC0308.sql,ทุกปี (รายปี),1,1,114,registered,มะเร็ง (Cancer),"indicator_name_th, indicator_name_en","arv_tx, ovstdiag, opitemrece, drugitems","clinicmember, ipt_newborn, emp, ipt, an_stat, er_regist, labor, ovst, patient, death, iptdiag",L0027795,#2
55,DC0309,"ร้อยละของผู้ติดเชื้อเอชไอวีรายใหม่ที่มีข้อบ่งชี้ในการรับยาป้องกันวัณโรค (Tuberculosis preventive therapy, TPT) ได้รับยา TPT",HIV: Percentage of newly diagnosed people living with HIV were receiving tuberculosis preventive therapy,HOSxP,01-hosxp,01-hosxp/THIP_DC0309.sql,ทุกปี (รายปี),1,1,115,registered,มะเร็ง (Cancer),"indicator_name_th, indicator_name_en","arv_tx, ovstdiag, tb_register, opitemrece, drugitems","clinicmember, ipt_newborn, emp, ipt, an_stat, er_regist, labor, ovst, patient, death, iptdiag",L0028143,#2
56,DC0401,ร้อยละการเสียชีวิตของผู้ป่วยโรคมะเร็ง,Cancer: Percent of mortality,HOSxP,01-hosxp,01-hosxp/THIP_DC0401.sql,ทุกเดือน (รายเดือน),"1, 2, 3, 4, 5, 6, 7, 8, 9, 10, 11, 12",12,116,registered,มะเร็ง (Cancer),"indicator_name_th, indicator_name_en",,"clinicmember, ipt_newborn, emp, ipt, an_stat, er_regist, labor, ovst, patient, death, iptdiag, ovstdiag",L0028498,#2
57,DC0402,ร้อยละการรับกลับเข้าโรงพยาบาลก่อนวันนัดโดยไม่ได้วางแผนของผู้ป่วยมะเร็ง,Cancer: Percent of unplanned re-admission,HOSxP,01-hosxp,01-hosxp/THIP_DC0402.sql,ทุกเดือน (รายเดือน),"1, 2, 3, 4, 5, 6, 7, 8, 9, 10, 11, 12",12,117,registered,มะเร็ง (Cancer),"indicator_name_th, indicator_name_en","iptdiag, ipt, an_stat","clinicmember, ipt_newborn, emp, er_regist, labor, ovst, patient, death, ovstdiag",L0028826,#2
58,DC0403,ร้อยละการเสียชีวิตด้วยโรคมะเร็งตับ,Liver Cancer: Percent of mortality,HOSxP,01-hosxp,01-hosxp/THIP_DC0403.sql,ทุกเดือน (รายเดือน),"1, 2, 3, 4, 5, 6, 7, 8, 9, 10, 11, 12",12,118,registered,มะเร็ง (Cancer),"indicator_name_th, indicator_name_en",iptdiag,"clinicmember, ipt_newborn, emp, ipt, an_stat, er_regist, labor, ovst, patient, death, ovstdiag",L0029195,#2
59,DC0501,ร้อยละของผู้ป่วยโรคไตเรื้อรังที่สามารถชะลอความเสื่อมของไตได้ตามเป้าหมาย,CKD: Percent of patients who achieve the kidney function deterioration delayed target,HOSxP,01-hosxp,01-hosxp/THIP_DC0501.sql,ทุกปี (รายปี),1,1,119,registered,มะเร็ง (Cancer),"indicator_name_th, indicator_name_en","clinic_ckd_member, lab_items, lab_head, lab_order","clinicmember, ipt_newborn, emp, ipt, an_stat, er_regist, labor, ovst, patient, death, iptdiag, ovstdiag",L0029528,#2
60,DC0502,ร้อยละของผู้ป่วยโรคไตเรื้อรังที่ได้รับยา ACEIs หรือ ARBs,CKD: Percent of patients who are receiving ACEIs or ARBs,HOSxP,01-hosxp,01-hosxp/THIP_DC0502.sql,ทุก 6 เดือน (รายครึ่งปี),"1, 7",2,121,registered,มะเร็ง (Cancer),"indicator_name_th, indicator_name_en","clinic_ckd_member, lab_items, lab_head, lab_order, opitemrece, drugitems","clinicmember, ipt_newborn, emp, ipt, an_stat, er_regist, labor, ovst, patient, death, iptdiag, ovstdiag",L0029878,#2
61,DE0101,ระยะเวลาการรอตรวจภายหลังการส่งปรึกษาของผู้ป่วยที่มีผลเมมโมแกรมตั้งแต่ BI-RADS 4 ขึ้นไป,Breast cancer: Consultation time in patient with BIRADS 4 or greater mammography result,HOSxP,01-hosxp,01-hosxp/THIP_DE0101.sql,ทุกปี (รายปี),1,1,139,registered,ทารกแรกเกิด/เด็ก (Newborn & child),"indicator_name_th, indicator_name_en","patient_cancer_registeration, person, person_bc_screen","clinicmember, ipt_newborn, emp, ipt, an_stat, er_regist, labor, ovst, patient, death, iptdiag, ovstdiag",L0030237,#2
62,DE0103,"ร้อยละการตรวจพบผู้ป่วยมะเร็งเต้านมระยะแรก Stage 1, 2","Breast Cancer: Percent of early diagnosis of stage 1, 2",HOSxP,01-hosxp,01-hosxp/THIP_DE0103.sql,ทุกปี (รายปี),1,1,140,registered,ทารกแรกเกิด/เด็ก (Newborn & child),"indicator_name_th, indicator_name_en","clinicmember_cancer, patient_cancer_registeration","clinicmember, ipt_newborn, emp, ipt, an_stat, er_regist, labor, ovst, patient, death, iptdiag, ovstdiag",L0030595,#2
63,DE0501,อัตราการปลูกถ่ายติด (engraftment) ของผู้ป่วย Stem cell transplantation ภายใน 45 วัน หลังการปลูกถ่ายไขกระดูก,Stem cell transplantation: Engraftment rate within 45 days,HOSxP,01-hosxp,01-hosxp/THIP_DE0501.sql,ทุกปี (รายปี),1,1,141,registered,ทารกแรกเกิด/เด็ก (Newborn & child),"indicator_name_th, indicator_name_en","operation_item, operation_list, operation_detail, lab_items, lab_head, lab_order","clinicmember, ipt_newborn, emp, ipt, an_stat, er_regist, labor, ovst, patient, death, iptdiag, ovstdiag",L0030942,#2
64,DE0801,ร้อยละของผู้ป่วย transfusion dependent thalassemia (TDT) ที่อายุมากกว่า 2 ปี และถึง 15 ปี มีภาวะธาตุเหล็กเกิน (Serum ferritin > 1000 ug/L) ที่ได้รับยาขับธาตุเหล็ก,TDT in Pediatrics Patient: Percent of received iron chelator in patient with iron overload (serum ferrous > 1000 ug/L),HOSxP,01-hosxp,01-hosxp/THIP_DE0801.sql,ทุกเดือน (รายเดือน),"1, 2, 3, 4, 5, 6, 7, 8, 9, 10, 11, 12",12,142,registered,ทารกแรกเกิด/เด็ก (Newborn & child),"indicator_name_th, indicator_name_en","ovstdiag, lab_items, drugitems, lab_head, lab_order, ovst, opitemrece","clinicmember, ipt_newborn, emp, ipt, an_stat, er_regist, labor, patient, death, iptdiag",L0031319,#2
65,DE1201,ร้อยละผู้ป่วยที่เข้ารับการผ่าตัดซ่อมแซมปากแหว่งตามเกณฑ์ช่วงอายุไม่เกิน 6 เดือน,Cleft lip: Percent of patients who had cleft lip repair with under 6 months of age,HOSxP,01-hosxp,01-hosxp/THIP_DE1201.sql,ทุก 3 เดือน (รายไตรมาส),"1, 4, 7, 10",4,143,registered,ทารกแรกเกิด/เด็ก (Newborn & child),"indicator_name_th, indicator_name_en","iptdiag, operation_item, patient, operation_list, operation_detail","clinicmember, ipt_newborn, emp, ipt, an_stat, er_regist, labor, ovst, death, ovstdiag",L0031689,#2
66,DE1202,ร้อยละผู้ป่วยที่เข้ารับการผ่าตัดซ่อมแซมเพดานโหว่ตามช่วงอายุไม่เกิน 18 เดือน,Cleft palate: Percent of patients who had cleft Palate repair with under 18 months of age,HOSxP,01-hosxp,01-hosxp/THIP_DE1202.sql,ทุก 3 เดือน (รายไตรมาส),"1, 4, 7, 10",4,144,registered,ทารกแรกเกิด/เด็ก (Newborn & child),"indicator_name_th, indicator_name_en","iptdiag, operation_item, patient, operation_list, operation_detail","clinicmember, ipt_newborn, emp, ipt, an_stat, er_regist, labor, ovst, death, ovstdiag",L0032054,#2
67,DE1401,ร้อยละผู้ป่วย Upper GI hemorrhage (UGIH) ได้รับการส่องกล้องภายใน 24 ชั่วโมง,Upper gastrointestinal hemorrhage (UGIH): Percent of patients who had underwent EGD within 24 hours,HOSxP,01-hosxp,01-hosxp/THIP_DE1401.sql,ทุกเดือน (รายเดือน),"1, 2, 3, 4, 5, 6, 7, 8, 9, 10, 11, 12",12,151,registered,ทารกแรกเกิด/เด็ก (Newborn & child),"indicator_name_th, indicator_name_en",iptoprt,"clinicmember, ipt_newborn, emp, ipt, an_stat, er_regist, labor, ovst, patient, death, iptdiag, ovstdiag",L0032419,#2
68,DE1402,ร้อยละผู้ป่วย Upper GI hemorrhage (UGIH) กลุ่ม high risk ได้รับการส่องกล้องทางเดิน อาหารส่วนต้น ภายใน 24 ชั่วโมง,Upper gastrointestinal hemorrhage (UGIH): Percent of high risk patients who had underwent EGD within 24 hours,HOSxP,01-hosxp,01-hosxp/THIP_DE1402.sql,ทุกเดือน (รายเดือน),"1, 2, 3, 4, 5, 6, 7, 8, 9, 10, 11, 12",12,152,registered,ทารกแรกเกิด/เด็ก (Newborn & child),"indicator_name_th, indicator_name_en","iptoprt, iptdiag, lab_items, lab_order, lab_head","clinicmember, ipt_newborn, emp, ipt, an_stat, er_regist, labor, ovst, patient, death, ovstdiag",L0032759,#2
69,DE1403,ร้อยละผู้ป่วย Non-variceal UGIH สามารถหยุดเลือดด้วยวิธีการส่องกล้องได้สำเร็จ,Non-variceal Upper gastrointestinal hemorrhage (UGIH): Percent of hemostatic success by endoscopic approach,HOSxP,01-hosxp,01-hosxp/THIP_DE1403.sql,ทุกเดือน (รายเดือน),"1, 2, 3, 4, 5, 6, 7, 8, 9, 10, 11, 12",12,154,registered,ทารกแรกเกิด/เด็ก (Newborn & child),"indicator_name_th, indicator_name_en","iptoprt, opitemrece, drugitems","clinicmember, ipt_newborn, emp, ipt, an_stat, er_regist, labor, ovst, patient, death, iptdiag, ovstdiag",L0033122,#2
70,DE1404,ร้อยละผู้ป่วยที่เกิดภาวะเลือดออกซ้ำจากแผลในระบบทางเดินอาหารส่วนต้นภายหลังจาก การหยุดเลือดด้วยการส่องกล้อง,Upper gastrointestinal hemorrhage (UGIH): Recurrent rates of UGIH after upper endoscopic treatment,HOSxP,01-hosxp,01-hosxp/THIP_DE1404.sql,ทุกเดือน (รายเดือน),"1, 2, 3, 4, 5, 6, 7, 8, 9, 10, 11, 12",12,156,registered,ทารกแรกเกิด/เด็ก (Newborn & child),"indicator_name_th, indicator_name_en","iptoprt, opitemrece, drugitems","clinicmember, ipt_newborn, emp, ipt, an_stat, er_regist, labor, ovst, patient, death, iptdiag, ovstdiag",L0033622,#2
71,DE1405,อัตราการเกิดภาวะแทรกซ้อนจากการส่องกล้องทางเดินอาหารส่วนต้นเพื่อรักษา UGIH,Upper gastrointestinal hemorrhage (UGIH): Complication rates of upper endoscopic treatment,HOSxP,01-hosxp,01-hosxp/THIP_DE1405.sql,ทุกเดือน (รายเดือน),"1, 2, 3, 4, 5, 6, 7, 8, 9, 10, 11, 12",12,158,registered,ทารกแรกเกิด/เด็ก (Newborn & child),"indicator_name_th, indicator_name_en","iptoprt, iptdiag","clinicmember, ipt_newborn, emp, ipt, an_stat, er_regist, labor, ovst, patient, death, ovstdiag",L0034122,#2
72,DG0101,ร้อยละการรับกลับเข้าโรงพยาบาลของผู้ป่วย Upper GI Hemorrhage ภายใน 28 วัน โดย ไม่ได้วางแผน,Upper gastrointestinal hemorrhage (UGIH): Percent of unplanned re-admission into the hospital within 28 days after last discharge,HOSxP,01-hosxp,01-hosxp/THIP_DG0101.sql,ทุกเดือน (รายเดือน),"1, 2, 3, 4, 5, 6, 7, 8, 9, 10, 11, 12",12,129,registered,ระบบทางเดินอาหาร (GI),"indicator_name_th, indicator_name_en",ipt,"clinicmember, ipt_newborn, emp, an_stat, er_regist, labor, ovst, patient, death, iptdiag, ovstdiag",L0034476,#2
73,DG0102,ระยะเวลาวันนอนเฉลี่ยผู้ป่วย Upper GI hemorrhage (UGIH),Upper gastrointestinal hemorrhage (UGIH): Average length of stay,HOSxP,01-hosxp,01-hosxp/THIP_DG0102.sql,ทุกเดือน (รายเดือน),"1, 2, 3, 4, 5, 6, 7, 8, 9, 10, 11, 12",12,130,registered,ระบบทางเดินอาหาร (GI),"indicator_name_th, indicator_name_en",,"clinicmember, ipt_newborn, emp, ipt, an_stat, er_regist, labor, ovst, patient, death, iptdiag, ovstdiag",L0034820,#2
74,DG0201,ร้อยละการเกิดไส้ติ่งทะลุในผู้ป่วยโรคไส้ติ่งอักเสบ,Acute appendicitis: Percent of abruption,HOSxP,01-hosxp,01-hosxp/THIP_DG0201.sql,ทุกเดือน (รายเดือน),"1, 2, 3, 4, 5, 6, 7, 8, 9, 10, 11, 12",12,131,registered,ระบบทางเดินอาหาร (GI),"indicator_name_th, indicator_name_en",,"clinicmember, ipt_newborn, emp, ipt, an_stat, er_regist, labor, ovst, patient, death, iptdiag, ovstdiag",L0035148,#2
75,DG0202,ร้อยละการเสียชีวิตจากไส้ติ่งอักเสบ,Acute appendicitis: Percent of mortality,HOSxP,01-hosxp,01-hosxp/THIP_DG0202.sql,ทุกเดือน (รายเดือน),"1, 2, 3, 4, 5, 6, 7, 8, 9, 10, 11, 12",12,132,registered,ระบบทางเดินอาหาร (GI),"indicator_name_th, indicator_name_en",,"clinicmember, ipt_newborn, emp, ipt, an_stat, er_regist, labor, ovst, patient, death, iptdiag, ovstdiag",L0035476,#2
76,DH0101,ร้อยละการเสียชีวิตของผู้ป่วยภาวะหัวใจขาดเลือดเฉียบพลัน,Acute coronary syndrome: Percent of mortality,HOSxP,01-hosxp,01-hosxp/THIP_DH0101.sql,ทุกเดือน (รายเดือน),"1, 2, 3, 4, 5, 6, 7, 8, 9, 10, 11, 12",12,48,registered,โรคหัวใจ (Cardiac),"indicator_name_th, indicator_name_en",,"clinicmember, ipt_newborn, emp, ipt, an_stat, er_regist, labor, ovst, patient, death, iptdiag, ovstdiag",L0035804,#2
77,DH0101.1,ร้อยละการเสียชีวิตของผู้ป่วยภาวะหัวใจขาดเลือดเฉียบพลันชนิด ST segment ยกขึ้น (STEMI),Acute coronary syndrome: Percent of mortality (STEMI),HOSxP,01-hosxp,01-hosxp/THIP_DH0101.1.sql,ทุกเดือน (รายเดือน),"1, 2, 3, 4, 5, 6, 7, 8, 9, 10, 11, 12",12,49,registered,โรคหัวใจ (Cardiac),"indicator_name_th, indicator_name_en",,"clinicmember, ipt_newborn, emp, ipt, an_stat, er_regist, labor, ovst, patient, death, iptdiag, ovstdiag",L0036132,#2
78,DH0101.2,ร้อยละการเสียชีวิตของผู้ป่วยภาวะหัวใจขาดเลือดเฉียบพลันชนิด ST segment ไม่ยกขึ้น (NSTE-ACS),Acute coronary syndrome : Percent of mortality (NSTE-ACS),HOSxP,01-hosxp,01-hosxp/THIP_DH0101.2.sql,ทุกเดือน (รายเดือน),"1, 2, 3, 4, 5, 6, 7, 8, 9, 10, 11, 12",12,50,registered,โรคหัวใจ (Cardiac),"indicator_name_th, indicator_name_en",,"clinicmember, ipt_newborn, emp, ipt, an_stat, er_regist, labor, ovst, patient, death, iptdiag, ovstdiag",L0036460,#2
79,DH0102,ร้อยละผู้ป่วยภาวะหัวใจขาดเลือดเฉียบพลันที่ได้รับยา Aspirin ภายใน 24 ชั่วโมงเมื่อมาถึง โรงพยาบาล,Acute coronary syndrome: Percent of patient receiving Aspirin within 24 hours of arrival,HOSxP,01-hosxp,01-hosxp/THIP_DH0102.sql,ทุกเดือน (รายเดือน),"1, 2, 3, 4, 5, 6, 7, 8, 9, 10, 11, 12",12,51,registered,โรคหัวใจ (Cardiac),"indicator_name_th, indicator_name_en","opitemrece, drugitems","clinicmember, ipt_newborn, emp, ipt, an_stat, er_regist, labor, ovst, patient, death, iptdiag, ovstdiag",L0036788,#2
80,DH0103,ร้อยละผู้ป่วยภาวะหัวใจขาดเลือดเฉียบพลัน ที่ได้รับการสั่งยา Aspirin เมื่อจำหน่ายออก จากโรงพยาบาล,Acute Coronary Syndrome: Percent of Aspirin prescribed at discharge,HOSxP,01-hosxp,01-hosxp/THIP_DH0103.sql,ทุกเดือน (รายเดือน),"1, 2, 3, 4, 5, 6, 7, 8, 9, 10, 11, 12",12,52,registered,โรคหัวใจ (Cardiac),"indicator_name_th, indicator_name_en","opitemrece, drugitems","clinicmember, ipt_newborn, emp, ipt, an_stat, er_regist, labor, ovst, patient, death, iptdiag, ovstdiag",L0037128,#2
81,DH0104,ร้อยละผู้ป่วยภาวะหัวใจขาดเลือดเฉียบพลัน ที่มี LVSD และได้รับยา ACE inhibitors หรือ ARBs,Acute coronary syndrome: Percent of ACE inhibitors or ARBs received for patient who have LVSD,HOSxP,01-hosxp,01-hosxp/THIP_DH0104.sql,ทุกเดือน (รายเดือน),"1, 2, 3, 4, 5, 6, 7, 8, 9, 10, 11, 12",12,53,registered,โรคหัวใจ (Cardiac),"indicator_name_th, indicator_name_en","iptdiag, opitemrece, drugitems","clinicmember, ipt_newborn, emp, ipt, an_stat, er_regist, labor, ovst, patient, death, ovstdiag",L0037468,#2
82,DH0105,ร้อยละผู้ป่วยภาวะหัวใจขาดเลือดเฉียบพลัน ที่สูบบุหรี่และได้รับการแนะนำให้งดบุหรี่ ระหว่างการอยู่โรงพยาบาล,Acute coronary syndrome: Percent of smoking cessation advice given,HOSxP,01-hosxp,01-hosxp/THIP_DH0105.sql,ทุกเดือน (รายเดือน),"1, 2, 3, 4, 5, 6, 7, 8, 9, 10, 11, 12",12,55,registered,โรคหัวใจ (Cardiac),"indicator_name_th, indicator_name_en","iptdiag, opdscreen, ovst, opdscreen_advice, opdscreen_advice_item","clinicmember, ipt_newborn, emp, ipt, an_stat, er_regist, labor, patient, death, ovstdiag",L0037811,#2
83,DH0106,ร้อยละผู้ป่วยภาวะหัวใจขาดเลือดเฉียบพลัน ที่ได้รับยา Beta-blocker ระหว่างรับไว้รักษา ในโรงพยาบาล,Acute coronary syndrome: Percent of Beta-blocker receiving during hospital admitted,HOSxP,01-hosxp,01-hosxp/THIP_DH0106.sql,ทุกเดือน (รายเดือน),"1, 2, 3, 4, 5, 6, 7, 8, 9, 10, 11, 12",12,56,registered,โรคหัวใจ (Cardiac),"indicator_name_th, indicator_name_en","iptdiag, opitemrece, drugitems","clinicmember, ipt_newborn, emp, ipt, an_stat, er_regist, labor, ovst, patient, death, ovstdiag",L0038218,#2
84,DH0107,ร้อยละผู้ป่วยภาวะหัวใจขาดเลือดเฉียบพลัน ที่ได้รับการสั่งยา Beta-blocker เมื่อจำหน่าย จากโรงพยาบาล,Acute coronary syndrome: Percent of Beta-blocker prescribed at discharge,HOSxP,01-hosxp,01-hosxp/THIP_DH0107.sql,ทุกเดือน (รายเดือน),"1, 2, 3, 4, 5, 6, 7, 8, 9, 10, 11, 12",12,57,registered,โรคหัวใจ (Cardiac),"indicator_name_th, indicator_name_en","iptdiag, opitemrece, drugitems","clinicmember, ipt_newborn, emp, ipt, an_stat, er_regist, labor, ovst, patient, death, ovstdiag",L0038564,#2
85,DH0108,ระยะเวลาเฉลี่ยที่ผู้ป่วยภาวะหัวใจขาดเลือดเฉียบพลัน ที่ได้รับการทำ EKG เมื่อมาถึง โรงพยาบาล,Acute coronary syndrome: Average door to EKG time,HOSxP,01-hosxp,01-hosxp/THIP_DH0108.sql,ทุกเดือน (รายเดือน),"1, 2, 3, 4, 5, 6, 7, 8, 9, 10, 11, 12",12,58,registered,โรคหัวใจ (Cardiac),"indicator_name_th, indicator_name_en","er_oper_code, er_regist_oper, ovst, er_regist","clinicmember, ipt_newborn, emp, ipt, an_stat, labor, patient, death, iptdiag, ovstdiag",L0038912,#2
86,DH0109,ระยะเวลาเฉลี่ยที่ผู้ป่วยภาวะหัวใจขาดเลือดเฉียบพลัน มาถึงโรงพยาบาลจนได้รับการส่งต่อ,Acute coronary syndrome: Average door to refer time,HOSxP,01-hosxp,01-hosxp/THIP_DH0109.sql,ทุกเดือน (รายเดือน),"1, 2, 3, 4, 5, 6, 7, 8, 9, 10, 11, 12",12,59,registered,โรคหัวใจ (Cardiac),"indicator_name_th, indicator_name_en","referout, ovst, er_regist","clinicmember, ipt_newborn, emp, ipt, an_stat, labor, patient, death, iptdiag, ovstdiag",L0039288,#2
87,DH0110,ร้อยละผู้ป่วยภาวะหัวใจขาดเลือดเฉียบพลัน ชนิด ST segment ยกขึ้น (STEMI) ที่ได้รับ Primary Percutaneous Coronary Intervention (PPCI) ภายใน 120 นาที หรือ Fibrinolytic Agent ภายใน 30 นาทีเมื่อแรกรับ,Acute coronary syndrome (STEMI): Percent of Primary Percutaneous Coronary Intervention (PCI) given within 120 minutes or received Fibrinolytic agent within 30 minutes of arrival,HOSxP,01-hosxp,01-hosxp/THIP_DH0110.sql,ทุก 3 เดือน (รายไตรมาส),"1, 4, 7, 10",4,60,registered,โรคหัวใจ (Cardiac),"indicator_name_th, indicator_name_en","ovst, er_regist, opitemrece, drugitems","clinicmember, ipt_newborn, emp, ipt, an_stat, labor, patient, death, iptdiag, ovstdiag",L0039646,#2
88,DH0111,ร้อยละการรับกลับเข้าโรงพยาบาลของผู้ป่วยภาวะหัวใจขาดเลือดเฉียบพลัน ภายใน 28 วัน โดยไม่ได้วางแผน,Acute coronary syndrome: Percent of unplanned re-admission within 28 days after last discharge,HOSxP,01-hosxp,01-hosxp/THIP_DH0111.sql,ทุกเดือน (รายเดือน),"1, 2, 3, 4, 5, 6, 7, 8, 9, 10, 11, 12",12,62,registered,โรคหัวใจ (Cardiac),"indicator_name_th, indicator_name_en",ipt,"clinicmember, ipt_newborn, emp, an_stat, er_regist, labor, ovst, patient, death, iptdiag, ovstdiag",L0040020,#2
89,DH0112,ระยะเวลาวันนอนเฉลี่ยผู้ป่วยภาวะหัวใจขาดเลือดเฉียบพลัน,Acute coronary syndrome: Average length of stay,HOSxP,01-hosxp,01-hosxp/THIP_DH0112.sql,ทุกเดือน (รายเดือน),"1, 2, 3, 4, 5, 6, 7, 8, 9, 10, 11, 12",12,63,registered,โรคหัวใจ (Cardiac),"indicator_name_th, indicator_name_en",,"clinicmember, ipt_newborn, emp, ipt, an_stat, er_regist, labor, ovst, patient, death, iptdiag, ovstdiag",L0040364,#2
90,DH0113,ร้อยละผู้ป่วยภาวะหัวใจขาดเลือดเฉียบพลัน ชนิด ST segment ยกขึ้น (STEMI) ที่ได้รับ Fibrinolytic agent ภายใน 30 นาทีเมื่อมาถึงโรงพยาบาล,Acute coronary syndrome (STEMI) : Percent of time to Fibrinolytic administration agents within 30 minutes of arrival,HOSxP,01-hosxp,01-hosxp/THIP_DH0113.sql,ทุกเดือน (รายเดือน),"1, 2, 3, 4, 5, 6, 7, 8, 9, 10, 11, 12",12,64,registered,โรคหัวใจ (Cardiac),"indicator_name_th, indicator_name_en","opitemrece, drugitems, ovst, er_regist","clinicmember, ipt_newborn, emp, ipt, an_stat, labor, patient, death, iptdiag, ovstdiag",L0040692,#2
91,DH0201,ร้อยละการเสียชีวิตของผู้ป่วยที่ทำ Coronary Artery Bypass Graft (CABG),Coronary Artery Bypass Graft (CABG): Percent of mortality,HOSxP,01-hosxp,01-hosxp/THIP_DH0201.sql,ทุกเดือน (รายเดือน),"1, 2, 3, 4, 5, 6, 7, 8, 9, 10, 11, 12",12,66,registered,โรคหัวใจ (Cardiac),"indicator_name_th, indicator_name_en",iptoprt,"clinicmember, ipt_newborn, emp, ipt, an_stat, er_regist, labor, ovst, patient, death, iptdiag, ovstdiag",L0041048,#2
92,DH0202,ร้อยละการได้รับยาปฏิชีวนะแบบป้องกันในการผ่าตัด Coronary Artery Bypass Graft (CABG),Coronary Artery Bypass Graft (CABG): Percent of patient who received antibiotic prophylaxis,HOSxP,01-hosxp,01-hosxp/THIP_DH0202.sql,ทุกเดือน (รายเดือน),"1, 2, 3, 4, 5, 6, 7, 8, 9, 10, 11, 12",12,67,registered,โรคหัวใจ (Cardiac),"indicator_name_th, indicator_name_en","iptoprt, drugitems, opitemrece","clinicmember, ipt_newborn, emp, ipt, an_stat, er_regist, labor, ovst, patient, death, iptdiag, ovstdiag",L0041380,#2
93,DH0203,ร้อยละการติดเชื้อแผลผ่าตัด Coronary Artery Bypass Graft (CABG),Coronary Artery Bypass Graft (CABG): Percent of surgical site Infection,HOSxP,01-hosxp,01-hosxp/THIP_DH0203.sql,ทุกเดือน (รายเดือน),"1, 2, 3, 4, 5, 6, 7, 8, 9, 10, 11, 12",12,68,registered,โรคหัวใจ (Cardiac),"indicator_name_th, indicator_name_en","iptoprt, iptdiag, ipt, an_stat","clinicmember, ipt_newborn, emp, er_regist, labor, ovst, patient, death, ovstdiag",L0041734,#2
94,DH0204,ร้อยละการเสียชีวิตของผู้ป่วยที่ทำCABG ภายใน30 วันหลังรับการรักษาแบบผู้ป่วยในวันแรก,Coronary Artery Bypass Graft (CABG): percent of 30 - day hospital mortality,HOSxP,01-hosxp,01-hosxp/THIP_DH0204.sql,ทุกเดือน (รายเดือน),"1, 2, 3, 4, 5, 6, 7, 8, 9, 10, 11, 12",12,69,registered,โรคหัวใจ (Cardiac),"indicator_name_th, indicator_name_en","iptoprt, death","clinicmember, ipt_newborn, emp, ipt, an_stat, er_regist, labor, ovst, patient, iptdiag, ovstdiag",L0042100,#2
95,DH0301,ร้อยละผู้ป่วยในที่มีหัวใจล้มเหลวที่เป็น Heart Failure Reduced Ejection Fraction (HFREF) ได้รับยา Angiotensin II Converting Enzyme inhibitors (ACEIs) หรือ Angiotensin II Receptor Blockers (ARBs) หรือ Mineralocorticoid Receptor Antagonists (MRA),Heart failure: Percent of patient with Heart Failure Reduced Ejection Fraction (HFREF) received Angiotensin II Converting Enzyme inhibitors (ACEIs) or Angiotensin II Receptor Blockers (ARBs) or Mineralocorticoid Receptor Antagonists (MRA),HOSxP,01-hosxp,01-hosxp/THIP_DH0301.sql,ทุกเดือน (รายเดือน),"1, 2, 3, 4, 5, 6, 7, 8, 9, 10, 11, 12",12,70,registered,โรคหัวใจ (Cardiac),"indicator_name_th, indicator_name_en","iptdiag, opitemrece, drugitems","clinicmember, ipt_newborn, emp, ipt, an_stat, er_regist, labor, ovst, patient, death, ovstdiag",L0042462,#2
96,DH0302,ร้อยละของผู้ป่วยที่มีภาวะหัวใจล้มเหลว ที่สูบบุหรี่ ได้รับการแนะนำให้งดบุหรี่ ระหว่างการ อยู่โรงพยาบาล,Heart failure: Percent of smoking cessation advice given,HOSxP,01-hosxp,01-hosxp/THIP_DH0302.sql,ทุกเดือน (รายเดือน),"1, 2, 3, 4, 5, 6, 7, 8, 9, 10, 11, 12",12,72,registered,โรคหัวใจ (Cardiac),"indicator_name_th, indicator_name_en","iptdiag, opdscreen, ovst","clinicmember, ipt_newborn, emp, ipt, an_stat, er_regist, labor, patient, death, ovstdiag",L0042812,#2
97,DH0401,ร้อยละของผู้ป่วย AF ได้รับยา Warfarin มีระดับ INR ตามเป้าหมายการรักษา,Atrial fibrillation (AF): Percent of patient received Warfarin within target dose,HOSxP,01-hosxp,01-hosxp/THIP_DH0401.sql,ทุก 3 เดือน (รายไตรมาส),"1, 4, 7, 10",4,73,registered,โรคหัวใจ (Cardiac),"indicator_name_th, indicator_name_en","opdscreen, ovstdiag, opitemrece, drugitems","clinicmember, ipt_newborn, emp, ipt, an_stat, er_regist, labor, ovst, patient, death, iptdiag",L0043184,#2
98,DH0402,ร้อยละของการเกิด adverse event (major bleeding) ของผู้ป่วย AF ที่ได้รับยา Warfarin,Atrial fibrillation (AF): Percent of major bleeding (intracranial hemorrhage and hemorrhage need blood transfusion),HOSxP,01-hosxp,01-hosxp/THIP_DH0402.sql,ทุก 3 เดือน (รายไตรมาส),"1, 4, 7, 10",4,75,registered,โรคหัวใจ (Cardiac),"indicator_name_th, indicator_name_en","ovstdiag, opitemrece, drugitems, ipt, an_stat","clinicmember, ipt_newborn, emp, er_regist, labor, ovst, patient, death, iptdiag",L0043525,#2
99,DM0101,ร้อยละเด็กพัฒนาการล่าช้ารอบด้าน (Global development delay: GDD) มีพัฒนาการดี ขึ้น,GDD: Percent of children with global development delay that improved after intervented,HOSxP,01-hosxp,01-hosxp/THIP_DM0101.sql,ทุก 6 เดือน (รายครึ่งปี),"1, 7",2,160,registered,พัฒนาการเด็ก/จิตเวชเด็ก (Development),"indicator_name_th, indicator_name_en","ovstdiag, psych_assess_head, psych_assess_child","clinicmember, ipt_newborn, emp, ipt, an_stat, er_regist, labor, ovst, patient, death, iptdiag",L0043882,#2
100,DM0102,ร้อยละเด็กพัฒนาการล่าช้ารอบด้าน (Global development delay: GDD) มีพัฒนาการดี ขึ้น จากการประเมินโดยใช้เครื่องมือ TEDA4I,GDD: Percent of children with Global development delay that improved after intervented with TEDA4I,HOSxP,01-hosxp,01-hosxp/THIP_DM0102.sql,ทุก 6 เดือน (รายครึ่งปี),"1, 7",2,161,registered,พัฒนาการเด็ก/จิตเวชเด็ก (Development),"indicator_name_th, indicator_name_en","ovstdiag, psych_assess_head, psych_assess_child, psych_assess_topic","clinicmember, ipt_newborn, emp, ipt, an_stat, er_regist, labor, ovst, patient, death, iptdiag",L0044241,#2
101,DM0201,ร้อยละเด็กออทิสติกมีพัฒนาการด้านภาษาและสังคมดีขึ้น,ASD: Percent of children with Autism Spectrum Disorder (ASD) with social and communication skills improvement,HOSxP,01-hosxp,01-hosxp/THIP_DM0201.sql,ทุก 6 เดือน (รายครึ่งปี),"1, 7",2,163,registered,พัฒนาการเด็ก/จิตเวชเด็ก (Development),"indicator_name_th, indicator_name_en","ovstdiag, psych_plan, psych_therapy, ovst, psych_assess_child, psych_assess_head","clinicmember, ipt_newborn, emp, ipt, an_stat, er_regist, labor, patient, death, iptdiag",L0044601,#2
102,DM0202,ร้อยละเด็กออทิสติกมีพัฒนาการด้านภาษาและสังคมดีขึ้น จากการประเมินโดยใช้เครื่องมือ TEDA4I,ASD: Percent of children with Autism spectrum disorder (ASD) with social and communication skills improvement with TEDA4I,HOSxP,01-hosxp,01-hosxp/THIP_DM0202.sql,ทุก 6 เดือน (รายครึ่งปี),"1, 7",2,164,registered,พัฒนาการเด็ก/จิตเวชเด็ก (Development),"indicator_name_th, indicator_name_en","ovstdiag, psych_plan, psych_therapy, ovst, psych_assess_topic, psych_assess_child, psych_assess_head","clinicmember, ipt_newborn, emp, ipt, an_stat, er_regist, labor, patient, death, iptdiag",L0044965,#2
103,DM0301,ร้อยละผู้ป่วยเด็กสมองพิการ (Cerebral palsy) มีพัฒนาการดีขึ้น,Cerebral palsy: Percent of children with Cerebral palsy that improved after intervented,HOSxP,01-hosxp,01-hosxp/THIP_DM0301.sql,ทุก 6 เดือน (รายครึ่งปี),"1, 7",2,166,registered,พัฒนาการเด็ก/จิตเวชเด็ก (Development),"indicator_name_th, indicator_name_en","ovstdiag, psych_plan, psych_therapy, ovst, psych_assess_child, psych_assess_head","clinicmember, ipt_newborn, emp, ipt, an_stat, er_regist, labor, patient, death, iptdiag",L0045329,#2
104,DM0302,ร้อยละผู้ป่วยเด็กสมองพิการ (Cerebral palsy) มีพัฒนาการดีขึ้น จากการประเมินโดยใช้ เครื่องมือ TEDA4I,Cerebral palsy: Percent of children with Cerebral palsy that improved after intervented,HOSxP,01-hosxp,01-hosxp/THIP_DM0302.sql,ทุก 6 เดือน (รายครึ่งปี),"1, 7",2,167,registered,พัฒนาการเด็ก/จิตเวชเด็ก (Development),"indicator_name_th, indicator_name_en","ovstdiag, psych_plan, psych_therapy, ovst, psych_assess_topic, psych_assess_child, psych_assess_head","clinicmember, ipt_newborn, emp, ipt, an_stat, er_regist, labor, patient, death, iptdiag",L0045694,#2
105,DN0101,ร้อยละการเสียชีวิตของผู้ป่วย Stroke,Stroke: Percent of mortality,HOSxP,01-hosxp,01-hosxp/THIP_DN0101.sql,ทุกเดือน (รายเดือน),"1, 2, 3, 4, 5, 6, 7, 8, 9, 10, 11, 12",12,76,registered,ระบบประสาท/หลอดเลือดสมอง (Neuro),"indicator_name_th, indicator_name_en",,"clinicmember, ipt_newborn, emp, ipt, an_stat, er_regist, labor, ovst, patient, death, iptdiag, ovstdiag",L0046059,#2
106,DN0102,ร้อยละผู้ป่วยโรคสมองขาดเลือดที่ได้รับยาต้านเกล็ดเลือด (Antiplatelet) ภายใน 2 วัน หลังเข้ารับการรักษาในโรงพยาบาล,Ischemic Stroke: Percent of patient receiving Antiplatelet within 2 days of hospital admission,HOSxP,01-hosxp,01-hosxp/THIP_DN0102.sql,ทุกเดือน (รายเดือน),"1, 2, 3, 4, 5, 6, 7, 8, 9, 10, 11, 12",12,77,registered,ระบบประสาท/หลอดเลือดสมอง (Neuro),"indicator_name_th, indicator_name_en","opitemrece, drugitems","clinicmember, ipt_newborn, emp, ipt, an_stat, er_regist, labor, ovst, patient, death, iptdiag, ovstdiag",L0046387,#2
107,DN0103,ร้อยละผู้ป่วยโรคหลอดเลือดสมองขาดเลือดที่ได้รับการสั่งยาต้านเกล็ดเลือด (Antiplatelet) หรือยาต้านภาวะแข็งตัวของเลือด (Anticoagulant) ขณะจำหน่ายออกจากโรงพยาบาล,Ischemic Stroke: Percent of Antiplatelet or Anticoagulant therapy prescribed at discharge,HOSxP,01-hosxp,01-hosxp/THIP_DN0103.sql,ทุกเดือน (รายเดือน),"1, 2, 3, 4, 5, 6, 7, 8, 9, 10, 11, 12",12,78,registered,ระบบประสาท/หลอดเลือดสมอง (Neuro),"indicator_name_th, indicator_name_en","opitemrece, drugitems","clinicmember, ipt_newborn, emp, ipt, an_stat, er_regist, labor, ovst, patient, death, iptdiag, ovstdiag",L0046727,#2
108,DN0104,ร้อยละผู้ป่วยโรคหลอดเลือดสมองขาดเลือดที่มีภาวะหัวใจห้องบนเต้นระริกหรือหัวใจห้อง บนเต้นระรัวได้รับยาต้านภาวะแข็งตัวของเลือด (Anticoagulant),Ischemic Stroke: Percent of patient with Atrial fibrillation/flutter receiving Anticoagulation therapy,HOSxP,01-hosxp,01-hosxp/THIP_DN0104.sql,ทุกเดือน (รายเดือน),"1, 2, 3, 4, 5, 6, 7, 8, 9, 10, 11, 12",12,79,registered,ระบบประสาท/หลอดเลือดสมอง (Neuro),"indicator_name_th, indicator_name_en","iptdiag, opitemrece, drugitems","clinicmember, ipt_newborn, emp, ipt, an_stat, er_regist, labor, ovst, patient, death, ovstdiag",L0047067,#2
109,DN0105,ร้อยละผู้ป่วยโรคหลอดเลือดสมองได้รับความรู้ในขณะอยู่ที่โรงพยาบาล,Stroke: Percent of patients who were given stroke education during their hospital stay,HOSxP,01-hosxp,01-hosxp/THIP_DN0105.sql,ทุกเดือน (รายเดือน),"1, 2, 3, 4, 5, 6, 7, 8, 9, 10, 11, 12",12,80,registered,ระบบประสาท/หลอดเลือดสมอง (Neuro),"indicator_name_th, indicator_name_en","iptdiag, opdscreen, ovst, opdscreen_advice","clinicmember, ipt_newborn, emp, ipt, an_stat, er_regist, labor, patient, death, ovstdiag",L0047410,#2
110,DN0106,ร้อยละผู้ป่วยโรคหลอดเลือดสมองได้รับการประเมินและได้รับการรักษาด้านเวชศาสตร์ ฟื้นฟูเพื่อฟื้นฟูสมรรถภาพภายใน 72 ชั่วโมง,"Stroke: Percent of treatment, physiotherapy or rehabilitation in stroke or paralytic syndrome within 72 hours",HOSxP,01-hosxp,01-hosxp/THIP_DN0106.sql,ทุกเดือน (รายเดือน),"1, 2, 3, 4, 5, 6, 7, 8, 9, 10, 11, 12",12,81,registered,ระบบประสาท/หลอดเลือดสมอง (Neuro),"indicator_name_th, indicator_name_en",ovst_rehab,"clinicmember, ipt_newborn, emp, ipt, an_stat, er_regist, labor, ovst, patient, death, iptdiag, ovstdiag",L0047786,#2
111,DN0107,ร้อยละการรับกลับเข้าโรงพยาบาลของผู้ป่วย Stroke ด้วยโรคหลอดเลือดสมองเดิม ภายใน 28 วัน โดยไม่ได้วางแผน,Stroke: Percent of unplanned re-admission of stroke within 28 days,HOSxP,01-hosxp,01-hosxp/THIP_DN0107.sql,ทุกเดือน (รายเดือน),"1, 2, 3, 4, 5, 6, 7, 8, 9, 10, 11, 12",12,82,registered,ระบบประสาท/หลอดเลือดสมอง (Neuro),"indicator_name_th, indicator_name_en",ipt,"clinicmember, ipt_newborn, emp, an_stat, er_regist, labor, ovst, patient, death, iptdiag, ovstdiag",L0048126,#2
112,DN0109,ระยะเวลาวันนอนเฉลี่ยของผู้ป่วย Stroke,Stroke: Average length of stay,HOSxP,01-hosxp,01-hosxp/THIP_DN0109.sql,ทุกเดือน (รายเดือน),"1, 2, 3, 4, 5, 6, 7, 8, 9, 10, 11, 12",12,83,registered,ระบบประสาท/หลอดเลือดสมอง (Neuro),"indicator_name_th, indicator_name_en",,"clinicmember, ipt_newborn, emp, ipt, an_stat, er_regist, labor, ovst, patient, death, iptdiag, ovstdiag",L0048470,#2
113,DN0110,ร้อยละผู้ป่วย Ischemic stroke ที่ได้รับ Thrombolytic agents ภายใน 60 นาที เมื่อ มาถึงโรงพยาบาล,Ischemic Stroke: Percent of time to thrombolytic administration agents within 60 minutes of arrival,HOSxP,01-hosxp,01-hosxp/THIP_DN0110.sql,ทุกเดือน (รายเดือน),"1, 2, 3, 4, 5, 6, 7, 8, 9, 10, 11, 12",12,84,registered,ระบบประสาท/หลอดเลือดสมอง (Neuro),"indicator_name_th, indicator_name_en","ovst, er_regist, opitemrece, drugitems","clinicmember, ipt_newborn, emp, ipt, an_stat, labor, patient, death, iptdiag, ovstdiag",L0048798,#2
114,DN0301,ร้อยละการรับกลับเข้าโรงพยาบาลของผู้ป่วยที่ทำ Craniotomy โดยมีสาเหตุจากการ บาดเจ็บที่ศีรษะ ภายใน 28 วัน โดยไม่ได้วางแผน,Head Injury: Percent of unplanned re-admission of Craniotomy within 28 days,HOSxP,01-hosxp,01-hosxp/THIP_DN0301.sql,ทุกเดือน (รายเดือน),"1, 2, 3, 4, 5, 6, 7, 8, 9, 10, 11, 12",12,85,registered,ระบบประสาท/หลอดเลือดสมอง (Neuro),"indicator_name_th, indicator_name_en","iptoprt, ipt","clinicmember, ipt_newborn, emp, an_stat, er_regist, labor, ovst, patient, death, iptdiag, ovstdiag",L0049192,#2
115,DN0302,ร้อยละของผู้ป่วยบาดเจ็บที่ศีรษะที่เสียชีวิตภายใน 48 ชั่วโมง ภายหลังการบาดเจ็บ (เฉพาะผู้ป่วยบาดเจ็บต่อสมอง),Head Injury: Percent of mortality within 48 hours,HOSxP,01-hosxp,01-hosxp/THIP_DN0302.sql,ทุกเดือน (รายเดือน),"1, 2, 3, 4, 5, 6, 7, 8, 9, 10, 11, 12",12,86,registered,ระบบประสาท/หลอดเลือดสมอง (Neuro),"indicator_name_th, indicator_name_en",,"clinicmember, ipt_newborn, emp, ipt, an_stat, er_regist, labor, ovst, patient, death, iptdiag, ovstdiag",L0049539,#2
116,DN0303,ร้อยละการผ่าตัดสมองในผู้ป่วยบาดเจ็บที่ศีรษะที่มี Intracranial injury,Head Injury: Percent of patient underwent craniotomy for Intracranial injury,HOSxP,01-hosxp,01-hosxp/THIP_DN0303.sql,ทุกเดือน (รายเดือน),"1, 2, 3, 4, 5, 6, 7, 8, 9, 10, 11, 12",12,87,registered,ระบบประสาท/หลอดเลือดสมอง (Neuro),"indicator_name_th, indicator_name_en",iptoprt,"clinicmember, ipt_newborn, emp, ipt, an_stat, er_regist, labor, ovst, patient, death, iptdiag, ovstdiag",L0049867,#2
117,DO0202,ร้อยละของผู้ป่วยผ่าตัดเปลี่ยนข้อสะโพก ได้รับ prophylactic antibiotic,Hip arthroplasty: Percent of patients who received antibiotic prophylaxis in Hip arthroplasty,HOSxP,01-hosxp,01-hosxp/THIP_DO0202.sql,ทุกเดือน (รายเดือน),"1, 2, 3, 4, 5, 6, 7, 8, 9, 10, 11, 12",12,123,registered,ออร์โธปิดิกส์ (Orthopedics),"indicator_name_th, indicator_name_en","iptoprt, drugitems, opitemrece","clinicmember, ipt_newborn, emp, ipt, an_stat, er_regist, labor, ovst, patient, death, iptdiag, ovstdiag",L0050205,#2
118,DO0204,ร้อยละการติดเชื้อแผลผ่าตัดเปลี่ยนข้อสะโพกภายใน 1 ปี,Hip arthroplasty: Percent of Hip arthroplasty associated infection within 1 Year,HOSxP,01-hosxp,01-hosxp/THIP_DO0204.sql,ทุกเดือน (รายเดือน),"1, 2, 3, 4, 5, 6, 7, 8, 9, 10, 11, 12",12,124,registered,ออร์โธปิดิกส์ (Orthopedics),"indicator_name_th, indicator_name_en","iptoprt, iptdiag, ipt, an_stat","clinicmember, ipt_newborn, emp, er_regist, labor, ovst, patient, death, ovstdiag",L0050559,#2
119,DO0205,ร้อยละการติดเชื้อแผลผ่าตัดเปลี่ยนข้อสะโพกภายใน 90 วัน,Hip arthroplasty: Percent of Hip arthroplasty associated infection within 90 days,HOSxP,01-hosxp,01-hosxp/THIP_DO0205.sql,ทุกเดือน (รายเดือน),"1, 2, 3, 4, 5, 6, 7, 8, 9, 10, 11, 12",12,125,registered,ออร์โธปิดิกส์ (Orthopedics),"indicator_name_th, indicator_name_en","iptoprt, iptdiag, ipt, an_stat","clinicmember, ipt_newborn, emp, er_regist, labor, ovst, patient, death, ovstdiag",L0050925,#2
120,DO0302,ร้อยละของผู้ป่วยผ่าตัดเปลี่ยนข้อเข่า ได้รับ prophylactic antibiotic,Knee arthroplasty: Percent of patients who received antibiotic prophylaxis,HOSxP,01-hosxp,01-hosxp/THIP_DO0302.sql,ทุกเดือน (รายเดือน),"1, 2, 3, 4, 5, 6, 7, 8, 9, 10, 11, 12",12,126,registered,ออร์โธปิดิกส์ (Orthopedics),"indicator_name_th, indicator_name_en","iptoprt, drugitems, opitemrece","clinicmember, ipt_newborn, emp, ipt, an_stat, er_regist, labor, ovst, patient, death, iptdiag, ovstdiag",L0051291,#2
121,DO0303,ร้อยละการติดเชื้อในข้อเข่าหลังการผ่าตัดเปลี่ยนข้อเข่าภายใน 1 ปี,Knee artrhoplasty: Percent of surgical infection within 1 year,HOSxP,01-hosxp,01-hosxp/THIP_DO0303.sql,ทุกเดือน (รายเดือน),"1, 2, 3, 4, 5, 6, 7, 8, 9, 10, 11, 12",12,127,registered,ออร์โธปิดิกส์ (Orthopedics),"indicator_name_th, indicator_name_en","iptoprt, iptdiag, ipt, an_stat","clinicmember, ipt_newborn, emp, er_regist, labor, ovst, patient, death, ovstdiag",L0051645,#2
122,DO0304,ร้อยละการติดเชื้อในข้อเข่าหลังการผ่าตัดเปลี่ยนข้อเข่าภายใน 90 วัน,Knee artrhoplasty: Percent of surgical infection within 90 days,HOSxP,01-hosxp,01-hosxp/THIP_DO0304.sql,ทุกเดือน (รายเดือน),"1, 2, 3, 4, 5, 6, 7, 8, 9, 10, 11, 12",12,128,registered,ออร์โธปิดิกส์ (Orthopedics),"indicator_name_th, indicator_name_en","iptoprt, iptdiag, ipt, an_stat","clinicmember, ipt_newborn, emp, er_regist, labor, ovst, patient, death, ovstdiag",L0052011,#2
123,DP0101,ร้อยละของผู้ป่วยเบาหวานชนิดที่ 1 ในเด็กและวัยรุ่นอายุน้อยกว่า 18 ปีที่ควบคุมระดับ น้ำตาลได้ดี,Diabetes in child and adolescent: Percent of good controlled of blood sugar (age < 18 years),HOSxP,01-hosxp,01-hosxp/THIP_DP0101.sql,ทุกปี (รายปี),1,1,133,registered,โรคปอดอุดกั้นเรื้อรัง/หืด (COPD/Asthma),"indicator_name_th, indicator_name_en","lab_items, lab_order, lab_head","clinicmember, ipt_newborn, emp, ipt, an_stat, er_regist, labor, ovst, patient, death, iptdiag, ovstdiag",L0052377,#2
124,DR0101,ร้อยละการเสียชีวิตหลังจากเข้ารับการรักษาของผู้ป่วยโรคปอดบวม,Pneumonia: Percent of mortality after hospital admission,HOSxP,01-hosxp,01-hosxp/THIP_DR0101.sql,ทุกเดือน (รายเดือน),"1, 2, 3, 4, 5, 6, 7, 8, 9, 10, 11, 12",12,88,registered,ระบบทางเดินหายใจ/วัณโรค (Respiratory/TB),"indicator_name_th, indicator_name_en",,"clinicmember, ipt_newborn, emp, ipt, an_stat, er_regist, labor, ovst, patient, death, iptdiag, ovstdiag",L0052715,#2
125,DR0102,ร้อยละการรับกลับเข้าโรงพยาบาลของผู้ป่วยโรคปอดบวมภายใน 28 วัน โดยไม่ได้วางแผน,Pneumonia: Percent of unplanned re-admission within 28 days after last discharge,HOSxP,01-hosxp,01-hosxp/THIP_DR0102.sql,ทุกเดือน (รายเดือน),"1, 2, 3, 4, 5, 6, 7, 8, 9, 10, 11, 12",12,89,registered,ระบบทางเดินหายใจ/วัณโรค (Respiratory/TB),"indicator_name_th, indicator_name_en",ipt,"clinicmember, ipt_newborn, emp, an_stat, er_regist, labor, ovst, patient, death, iptdiag, ovstdiag",L0053043,#2
126,DR0103,ร้อยละผู้ป่วยโรคปอดบวมได้รับคำแนะนำให้อดหรือเลิกบุหรี่ ระหว่างอยู่ในโรงพยาบาล,Pneumonia: Percent of smoking cessation advice given,HOSxP,01-hosxp,01-hosxp/THIP_DR0103.sql,ทุกเดือน (รายเดือน),"1, 2, 3, 4, 5, 6, 7, 8, 9, 10, 11, 12",12,90,registered,ระบบทางเดินหายใจ/วัณโรค (Respiratory/TB),"indicator_name_th, indicator_name_en","iptdiag, opdscreen, ovst, opdscreen_advice, opdscreen_advice_item","clinicmember, ipt_newborn, emp, ipt, an_stat, er_regist, labor, patient, death, ovstdiag",L0053387,#2
127,DR0201,ร้อยละการเสียชีวิตของผู้ป่วยวัณโรคปอดในช่วง 12 เดือน,TB: Percent of mortality during 12 months,HOSxP,01-hosxp,01-hosxp/THIP_DR0201.sql,ทุกปี (รายปี),1,1,91,registered,ระบบทางเดินหายใจ/วัณโรค (Respiratory/TB),"indicator_name_th, indicator_name_en",,"clinicmember, ipt_newborn, emp, ipt, an_stat, er_regist, labor, ovst, patient, death, iptdiag, ovstdiag",L0053794,#2
128,DR0202,ร้อยละของผู้ติดเชื้อเอชไอวี ได้รับการคัดกรองวัณโรคปอด,TB: Percentage of people living with HIV having a TB screening,HOSxP,01-hosxp,01-hosxp/THIP_DR0202.sql,ทุกปี (รายปี),1,1,92,registered,ระบบทางเดินหายใจ/วัณโรค (Respiratory/TB),"indicator_name_th, indicator_name_en","arv_tx, ovstdiag, tb_register, tb_lab_examination_sputum, clinic_visit, ovst","clinicmember, ipt_newborn, emp, ipt, an_stat, er_regist, labor, patient, death, iptdiag",L0054122,#2
129,DR0203,ร้อยละความสำเร็จการรักษาวัณโรค,TB: Percent of treatment success,HOSxP,01-hosxp,01-hosxp/THIP_DR0203.sql,ทุกปี (รายปี),1,1,93,registered,ระบบทางเดินหายใจ/วัณโรค (Respiratory/TB),"indicator_name_th, indicator_name_en","tb_discharge_type, tb_result_sputum, clinicmember_tb_patient_type, tb_register","clinicmember, ipt_newborn, emp, ipt, an_stat, er_regist, labor, ovst, patient, death, iptdiag, ovstdiag",L0054491,#2
130,DR0204,ร้อยละผู้ป่วยวัณโรคได้รับการตรวจคัดกรอง HIV,TB: Percent of TB having a HIV screening,HOSxP,01-hosxp,01-hosxp/THIP_DR0204.sql,ทุกปี (รายปี),1,1,94,registered,ระบบทางเดินหายใจ/วัณโรค (Respiratory/TB),"indicator_name_th, indicator_name_en","tb_discharge_type, tb_result_sputum, clinicmember_tb_patient_type, tb_register, lab_items, lab_head, lab_order","clinicmember, ipt_newborn, emp, ipt, an_stat, er_regist, labor, ovst, patient, death, iptdiag, ovstdiag",L0054843,#2
131,DR0205,ร้อยละผู้ป่วยวัณโรคที่มีผลเลือดเอชไอวีบวกได้รับการรักษาด้วย Antiretroviral therapy (ART),TB: Percent of HIV-positive TB patients started on Antiretroviral therapy (ART),HOSxP,01-hosxp,01-hosxp/THIP_DR0205.sql,ทุกปี (รายปี),1,1,95,registered,ระบบทางเดินหายใจ/วัณโรค (Respiratory/TB),"indicator_name_th, indicator_name_en","tb_discharge_type, tb_result_sputum, clinicmember_tb_patient_type, arv_tx, ovstdiag, tb_register","clinicmember, ipt_newborn, emp, ipt, an_stat, er_regist, labor, ovst, patient, death, iptdiag",L0055206,#2
132,DR0301,ร้อยละการรับกลับเข้าโรงพยาบาลของผู้ป่วย Asthma ภายใน 28 วัน โดยไม่ได้วางแผน,Asthma: Percent of unplanned re-admission within 28 days after last discharge,HOSxP,01-hosxp,01-hosxp/THIP_DR0301.sql,ทุกเดือน (รายเดือน),"1, 2, 3, 4, 5, 6, 7, 8, 9, 10, 11, 12",12,96,registered,ระบบทางเดินหายใจ/วัณโรค (Respiratory/TB),"indicator_name_th, indicator_name_en",ipt,"clinicmember, ipt_newborn, emp, an_stat, er_regist, labor, ovst, patient, death, iptdiag, ovstdiag",L0055574,#2
133,DR0302,ร้อยละผู้ป่วย Asthma ได้รับคำแนะนำให้อดหรือเลิกบุหรี่ ระหว่างอยู่ในโรงพยาบาล,Asthma: Percent of smoking cessation advice given,HOSxP,01-hosxp,01-hosxp/THIP_DR0302.sql,ทุกเดือน (รายเดือน),"1, 2, 3, 4, 5, 6, 7, 8, 9, 10, 11, 12",12,97,registered,ระบบทางเดินหายใจ/วัณโรค (Respiratory/TB),"indicator_name_th, indicator_name_en","iptdiag, opdscreen, ovst","clinicmember, ipt_newborn, emp, ipt, an_stat, er_regist, labor, patient, death, ovstdiag",L0055918,#2
134,DR0401,ร้อยละการรับกลับเข้าโรงพยาบาลของผู้ป่วย COPD ภายใน 28 วัน โดยไม่ได้วางแผน,COPD: Percent of unplanned re-admission into the hospital within 28 days after last discharge,HOSxP,01-hosxp,01-hosxp/THIP_DR0401.sql,ทุกเดือน (รายเดือน),"1, 2, 3, 4, 5, 6, 7, 8, 9, 10, 11, 12",12,98,registered,ระบบทางเดินหายใจ/วัณโรค (Respiratory/TB),"indicator_name_th, indicator_name_en",ipt,"clinicmember, ipt_newborn, emp, an_stat, er_regist, labor, ovst, patient, death, iptdiag, ovstdiag",L0056290,#2
135,DR0403,ร้อยละการเสียชีวิตจากโรคปอดอุดกั้นเรื้อรัง,COPD: Percent of mortality,HOSxP,01-hosxp,01-hosxp/THIP_DR0403.sql,ทุกเดือน (รายเดือน),"1, 2, 3, 4, 5, 6, 7, 8, 9, 10, 11, 12",12,99,registered,ระบบทางเดินหายใจ/วัณโรค (Respiratory/TB),"indicator_name_th, indicator_name_en",,"clinicmember, ipt_newborn, emp, ipt, an_stat, er_regist, labor, ovst, patient, death, iptdiag, ovstdiag",L0056634,#2
136,DR0404,ร้อยละของผู้ป่วยโรคปอดอุดกั้นเรื้อรังที่ยังสูบบุหรี่,COPD: Percent of patient with ongoing smoking,HOSxP,01-hosxp,01-hosxp/THIP_DR0404.sql,ทุก 3 เดือน (รายไตรมาส),"1, 4, 7, 10",4,100,registered,ระบบทางเดินหายใจ/วัณโรค (Respiratory/TB),"indicator_name_th, indicator_name_en","iptdiag, opdscreen, ovst","clinicmember, ipt_newborn, emp, ipt, an_stat, er_regist, labor, patient, death, ovstdiag",L0056962,#2
137,DS0401,อัตราคงอยู่ในการบำบัดรักษา 1 ปีด้วยเมทาโดนระยะยาว ของผู้ติดสารเสพติดในกลุ่ม opioid,Opioid group: 1 year retention rate of opioid in methadone maintenance program,HOSxP,01-hosxp,01-hosxp/THIP_DS0401.sql,ทุก 3 เดือน (รายไตรมาส),"1, 4, 7, 10",4,138,registered,ยาเสพติด/สุรา/ยาสูบ (Substance),"indicator_name_th, indicator_name_en","opitemrece, drugitems","clinicmember, ipt_newborn, emp, ipt, an_stat, er_regist, labor, ovst, patient, death, iptdiag, ovstdiag",L0057334,#2
138,HC0101,ความสามารถในการดูแลตนเอง/การดูแลผู้ป่วยของญาติโรค Asthma,Customer: Asthma patients or their relative(s) who are able to care for the patient's needs,HOSxP,01-hosxp,01-hosxp/THIP_HC0101.sql,ทุกปี (รายปี),1,1,279,registered,อื่น ๆ,"indicator_name_th, indicator_name_en","ovstdiag, ovst, iptdiag, ipt","clinicmember, ipt_newborn, emp, an_stat, er_regist, labor, patient, death",L0057681,#2
139,HC0102,ความสามารถในการดูแลตนเอง/ การดูแลผู้ป่วยของญาติโรค COPD,Customer: COPD patients or their relative(s) who are able to care for the patient's needs,HOSxP,01-hosxp,01-hosxp/THIP_HC0102.sql,ทุกปี (รายปี),1,1,280,registered,อื่น ๆ,"indicator_name_th, indicator_name_en","ovstdiag, ovst, iptdiag, ipt, er_regist","clinicmember, ipt_newborn, emp, an_stat, labor, patient, death",L0058051,#2
140,HE0101,ร้อยละบุคลากรได้รับการตรวจร่างกายประจำปี,Employee: Percent of employee check-up,HOSxP,01-hosxp,01-hosxp/THIP_HE0101.sql,ทุกปี (รายปี),1,1,273,registered,การตรวจสุขภาพ (Health check-up),"indicator_name_th, indicator_name_en","emp, emp_position_main, patient, opdscreen","clinicmember, ipt_newborn, ipt, an_stat, er_regist, labor, ovst, death, iptdiag, ovstdiag",L0058435,#2
141,HE0102,ร้อยละบุคลากรที่มีดัชนีมวลกาย (BMI) เกินเกณฑ์มาตรฐาน,Employee: Percent of employee have exceeding BMI,HOSxP,01-hosxp,01-hosxp/THIP_HE0102.sql,ทุกปี (รายปี),1,1,274,registered,การตรวจสุขภาพ (Health check-up),"indicator_name_th, indicator_name_en","emp, emp_position_main, patient, opdscreen","clinicmember, ipt_newborn, ipt, an_stat, er_regist, labor, ovst, death, iptdiag, ovstdiag",L0058784,#2
142,HE0103,ร้อยละบุคลากรที่มีพฤติกรรมการสูบบุหรี่,Employee: Percent of employee have behavior-smoky,HOSxP,01-hosxp,01-hosxp/THIP_HE0103.sql,ทุกปี (รายปี),1,1,275,registered,การตรวจสุขภาพ (Health check-up),"indicator_name_th, indicator_name_en","emp, emp_position_main, patient, opdscreen","clinicmember, ipt_newborn, ipt, an_stat, er_regist, labor, ovst, death, iptdiag, ovstdiag",L0059142,#2
143,HE0104,ร้อยละบุคลากรเพศชายมีภาวะอ้วนลงพุง,Employee: Percent of employee (male) obesity,HOSxP,01-hosxp,01-hosxp/THIP_HE0104.sql,ทุกปี (รายปี),1,1,276,registered,การตรวจสุขภาพ (Health check-up),"indicator_name_th, indicator_name_en","emp_sex, emp, emp_position_main, patient, opdscreen","clinicmember, ipt_newborn, ipt, an_stat, er_regist, labor, ovst, death, iptdiag, ovstdiag",L0059491,#2
144,HE0105,ร้อยละบุคลากรเพศหญิงมีภาวะอ้วนลงพุง,Employee: Percent of employee (female) obesity,HOSxP,01-hosxp,01-hosxp/THIP_HE0105.sql,ทุกปี (รายปี),1,1,277,registered,การตรวจสุขภาพ (Health check-up),"indicator_name_th, indicator_name_en","emp_sex, emp, emp_position_main, patient, opdscreen","clinicmember, ipt_newborn, ipt, an_stat, er_regist, labor, ovst, death, iptdiag, ovstdiag",L0059850,#2
145,HE0106,ร้อยละบุคลากรได้รับวัคซีนไข้หวัดใหญ่,Employee: Percent of employee received Influenza immunization,HOSxP,01-hosxp,01-hosxp/THIP_HE0106.sql,ทุกปี (รายปี),1,1,278,registered,การตรวจสุขภาพ (Health check-up),"indicator_name_th, indicator_name_en","emp, emp_position_main, person_vaccine, ovst_vaccine, patient, ovst","clinicmember, ipt_newborn, ipt, an_stat, er_regist, labor, death, iptdiag, ovstdiag",L0060209,#2
146,HH0101.1,ร้อยละการคัดกรองสถานะการบริโภคยาสูบของผู้รับบริการที่มีอายุ 15 ปีขึ้นไปที่มาใช้ บริการผู้ป่วยนอกของสถานพยาบาล,Tobacco Use: Percent of Tobacco Use Screened of Service Recipients aged >= 15 years old at the Outpatient Service.,HOSxP,01-hosxp,01-hosxp/THIP_HH0101.1.sql,ทุก 3 เดือน (รายไตรมาส),"1, 4, 7, 10",4,281,registered,ส่งเสริมสุขภาพ (Health promotion),"indicator_name_th, indicator_name_en",opdscreen,"clinicmember, ipt_newborn, emp, ipt, an_stat, er_regist, labor, ovst, patient, death, iptdiag, ovstdiag",L0060560,#2
147,HH0101.2,ร้อยละการคัดกรองสถานะการบริโภคยาสูบของผู้รับบริการที่มีอายุ 15 ปีขึ้นไปที่มาใช้ บริการผู้ป่วยในของสถานพยาบาล,Tobacco Use: Percent of Tobacco Use Screened of Service Recipients aged >= 15 years old at the In-patient Service.,HOSxP,01-hosxp,01-hosxp/THIP_HH0101.2.sql,ทุก 3 เดือน (รายไตรมาส),"1, 4, 7, 10",4,282,registered,ส่งเสริมสุขภาพ (Health promotion),"indicator_name_th, indicator_name_en","ovst, opdscreen","clinicmember, ipt_newborn, emp, ipt, an_stat, er_regist, labor, patient, death, iptdiag, ovstdiag",L0060898,#2
148,HH0102,ร้อยละของผู้รับบริการที่มีภาวะติดนิโคตินที่ได้รับบริการบำบัดภาวะติดนิโคติน,Tobacco Use: Percentage of nicotine dependence patients receiving nicotine dependence treatment.,HOSxP,01-hosxp,01-hosxp/THIP_HH0102.sql,ทุก 6 เดือน (รายครึ่งปี),"1, 7",2,283,registered,ส่งเสริมสุขภาพ (Health promotion),"indicator_name_th, indicator_name_en","ovstdiag, iptdiag, opdscreen, opitemrece, drugitems","clinicmember, ipt_newborn, emp, ipt, an_stat, er_regist, labor, ovst, patient, death",L0061238,#2
149,HH0103.1,ร้อยละของผู้รับบริการกลุ่มโรคเบาหวานที่มีภาวะติดนิโคตินและได้รับบริการบำบัดภาวะติด นิโคติน,Tobacco Use: Percentage of nicotine dependence in DM patients receiving nicotine dependence treatment.,HOSxP,01-hosxp,01-hosxp/THIP_HH0103.1.sql,ทุก 6 เดือน (รายครึ่งปี),"1, 7",2,284,registered,ส่งเสริมสุขภาพ (Health promotion),"indicator_name_th, indicator_name_en","ovstdiag, iptdiag, opdscreen, ovst, ipt, opitemrece, drugitems","clinicmember, ipt_newborn, emp, an_stat, er_regist, labor, patient, death",L0061659,#2
150,HH0103.2,ร้อยละของผู้รับบริการกลุ่มโรคความดันโลหิตสูงที่มีภาวะติดนิโคตินและได้รับบริการบำบัด ภาวะติดนิโคติน,Tobacco Use: Percentage of nicotine dependence in Hypertension patients receiving nicotine dependence treatment.,HOSxP,01-hosxp,01-hosxp/THIP_HH0103.2.sql,ทุก 6 เดือน (รายครึ่งปี),"1, 7",2,285,registered,ส่งเสริมสุขภาพ (Health promotion),"indicator_name_th, indicator_name_en","ovstdiag, iptdiag, opdscreen, ovst, ipt, opitemrece, drugitems","clinicmember, ipt_newborn, emp, an_stat, er_regist, labor, patient, death",L0062099,#2
151,HH0103.3,ร้อยละของผู้รับบริการกลุ่มโรคหืดที่มีภาวะติดนิโคตินและได้รับบริการบำบัดภาวะติด นิโคติน,Tobacco Use: Percentage of nicotine dependence in Asthma patients receiving nicotine dependence treatment.,HOSxP,01-hosxp,01-hosxp/THIP_HH0103.3.sql,ทุก 6 เดือน (รายครึ่งปี),"1, 7",2,286,registered,ส่งเสริมสุขภาพ (Health promotion),"indicator_name_th, indicator_name_en","ovstdiag, iptdiag, opdscreen, ovst, ipt, opitemrece, drugitems","clinicmember, ipt_newborn, emp, an_stat, er_regist, labor, patient, death",L0062539,#2
152,HH0103.4,ร้อยละของผู้รับบริการกลุ่มโรคถุงลมโป่งพองที่มีภาวะติดนิโคตินและได้รับบริการบำบัด ภาวะติดนิโคติน,Tobacco Use: Percentage of nicotine dependence in COPD patients receiving nicotine dependence treatment.,HOSxP,01-hosxp,01-hosxp/THIP_HH0103.4.sql,ทุก 6 เดือน (รายครึ่งปี),"1, 7",2,287,registered,ส่งเสริมสุขภาพ (Health promotion),"indicator_name_th, indicator_name_en","ovstdiag, iptdiag, opdscreen, ovst, ipt, opitemrece, drugitems","clinicmember, ipt_newborn, emp, an_stat, er_regist, labor, patient, death",L0062979,#2
153,HH0103.5,ร้อยละของผู้รับบริการกลุ่มหญิงตั้งครรภ์ที่มีภาวะติดนิโคตินและได้รับบริการบำบัดภาวะติด นิโคติน,Tobacco Use: Percentage of nicotine dependence in Pregnant patients receiving nicotine dependence treatment.,HOSxP,01-hosxp,01-hosxp/THIP_HH0103.5.sql,ทุก 6 เดือน (รายครึ่งปี),"1, 7",2,288,registered,ส่งเสริมสุขภาพ (Health promotion),"indicator_name_th, indicator_name_en","ovstdiag, iptdiag, opdscreen, opdscreen_pregnancy, ipt_pregnancy, clinicmember, opitemrece, drugitems","ipt_newborn, emp, ipt, an_stat, er_regist, labor, ovst, patient, death",L0063419,#2
154,HH0103.6,ร้อยละของผู้รับบริการกลุ่มโรคถุงลมโป่งพองที่มีภาวะติดนิโคตินและได้รับบริการบำบัด ภาวะติดนิโคติน,Tobacco Use: Percentage of nicotine dependence in Asthma patients receiving nicotine dependence treatment.,HOSxP,01-hosxp,01-hosxp/THIP_HH0103.6.sql,ทุก 6 เดือน (รายครึ่งปี),"1, 7",2,289,registered,ส่งเสริมสุขภาพ (Health promotion),"indicator_name_th, indicator_name_en","ovstdiag, iptdiag, opdscreen, ovst, ipt, opitemrece, drugitems","clinicmember, ipt_newborn, emp, an_stat, er_regist, labor, patient, death",L0063863,#2
155,HH0104.1,ร้อยละของผู้ป่วยกลุ่มโรคเบาหวานที่รับบริการบำบัดรักษาภาวะติดนิโคตินและสามารถ หยุดบริโภคยาสูบต่อเนื่อง 6 เดือน,Tobacco use: continuous abstinence rate (CAR) at 6 months (DM Patients),HOSxP,01-hosxp,01-hosxp/THIP_HH0104.1.sql,ทุกปี (รายปี),1,1,290,registered,ส่งเสริมสุขภาพ (Health promotion),"indicator_name_th, indicator_name_en","ovstdiag, iptdiag, opdscreen, ovst, ipt, opitemrece, drugitems","clinicmember, ipt_newborn, emp, an_stat, er_regist, labor, patient, death",L0064303,#2
156,HH0104.2,ร้อยละของผู้ป่วยกลุ่มโรคความดันโลหิตสูงที่รับบริการบำบัดรักษาภาวะติดนิโคตินและ สามารถหยุดบริโภคยาสูบต่อเนื่อง 6 เดือน,Tobacco use: continuous abstinence rate (CAR) at 6 months (Hypertension Patients),HOSxP,01-hosxp,01-hosxp/THIP_HH0104.2.sql,ทุกปี (รายปี),1,1,291,registered,ส่งเสริมสุขภาพ (Health promotion),"indicator_name_th, indicator_name_en","ovstdiag, iptdiag, opdscreen, ovst, ipt, opitemrece, drugitems","clinicmember, ipt_newborn, emp, an_stat, er_regist, labor, patient, death",L0064853,#2
157,HH0104.3,ร้อยละของผู้ป่วยกลุ่มโรคหืดที่รับบริการบำบัดรักษาภาวะติดนิโคตินและสามารถหยุด บริโภคยาสูบต่อเนื่อง 6 เดือน,Tobacco use: continuous abstinence rate (CAR) at 6 months (Asthma Patients),HOSxP,01-hosxp,01-hosxp/THIP_HH0104.3.sql,ทุกปี (รายปี),1,1,292,registered,ส่งเสริมสุขภาพ (Health promotion),"indicator_name_th, indicator_name_en","ovstdiag, iptdiag, opdscreen, ovst, ipt, opitemrece, drugitems","clinicmember, ipt_newborn, emp, an_stat, er_regist, labor, patient, death",L0065403,#2
158,HH0104.4,ร้อยละของผู้ป่วยกลุ่มโรคถุงลมโป่งพองที่รับบริการบำบัดรักษาภาวะติดนิโคตินและสามารถ หยุดบริโภคยาสูบต่อเนื่อง 6 เดือน,Tobacco use: continuous abstinence rate (CAR) at 6 months (COPD Patients),HOSxP,01-hosxp,01-hosxp/THIP_HH0104.4.sql,ทุกปี (รายปี),1,1,293,registered,ส่งเสริมสุขภาพ (Health promotion),"indicator_name_th, indicator_name_en","ovstdiag, iptdiag, opdscreen, ovst, ipt, opitemrece, drugitems","clinicmember, ipt_newborn, emp, an_stat, er_regist, labor, patient, death",L0065953,#2
159,HH0104.5,ร้อยละของผู้ป่วยกลุ่มหญิงตั้งครรภ์ที่รับบริการบำบัดรักษาภาวะติดนิโคตินและสามารถ หยุดบริโภคยาสูบต่อเนื่อง 6 เดือน,Tobacco use: Tobacco use: continuous abstinence rate (CAR) at 6 months (Pregnant Patients),HOSxP,01-hosxp,01-hosxp/THIP_HH0104.5.sql,ทุกปี (รายปี),1,1,294,registered,ส่งเสริมสุขภาพ (Health promotion),"indicator_name_th, indicator_name_en","ovstdiag, iptdiag, opdscreen, opdscreen_pregnancy, ipt_pregnancy, clinicmember, opitemrece, drugitems, ovst","ipt_newborn, emp, ipt, an_stat, er_regist, labor, patient, death",L0066503,#2
160,SH0101,อัตราการลาออกของบุคลากร,HRM: Turnover tate,HOSxP,01-hosxp,01-hosxp/THIP_SH0101.sql,ทุกปี (รายปี),1,1,221,registered,บุคลากร (Human resources),"indicator_name_th, indicator_name_en","emp, emp_position_main, emp_resign, emp_resign_type","clinicmember, ipt_newborn, ipt, an_stat, er_regist, labor, ovst, patient, death, iptdiag, ovstdiag",L0067057,#2
161,SH0102,ร้อยละบุคลากรที่บาดเจ็บจากการทำงาน,HRM: Percent of employee work-related Injury,HOSxP,01-hosxp,01-hosxp/THIP_SH0102.sql,ทุกปี (รายปี),1,1,222,registered,บุคลากร (Human resources),"indicator_name_th, indicator_name_en","emp, emp_position_main, emp_work_sick, emp_work_sick_type","clinicmember, ipt_newborn, ipt, an_stat, er_regist, labor, ovst, patient, death, iptdiag, ovstdiag",L0067406,#2
162,SH0103,ร้อยละบุคลากรที่เจ็บป่วยจากการทำงาน,HRM: Percent of employee work-related Illness,HOSxP,01-hosxp,01-hosxp/THIP_SH0103.sql,ทุกปี (รายปี),1,1,223,registered,บุคลากร (Human resources),"indicator_name_th, indicator_name_en","emp, emp_position_main, emp_work_sick, emp_work_sick_type","clinicmember, ipt_newborn, ipt, an_stat, er_regist, labor, ovst, patient, death, iptdiag, ovstdiag",L0067755,#2
163,SH0104,อัตราการลาออก ของแพทย์/ทันตแพทย์,HRM: Turnover rate of physician and dentist,HOSxP,01-hosxp,01-hosxp/THIP_SH0104.sql,ทุก 3 เดือน (รายไตรมาส),"1, 4, 7, 10",4,224,registered,บุคลากร (Human resources),"indicator_name_th, indicator_name_en","emp, emp_position_main, emp_resign, emp_resign_type","clinicmember, ipt_newborn, ipt, an_stat, er_regist, labor, ovst, patient, death, iptdiag, ovstdiag",L0068104,#2
164,SH0105,อัตราการลาออก ของพยาบาลวิชาชีพ,HRM: Turnover rate of nurses,HOSxP,01-hosxp,01-hosxp/THIP_SH0105.sql,ทุก 3 เดือน (รายไตรมาส),"1, 4, 7, 10",4,225,registered,บุคลากร (Human resources),"indicator_name_th, indicator_name_en","emp, emp_position_main, emp_resign, emp_resign_type","clinicmember, ipt_newborn, ipt, an_stat, er_regist, labor, ovst, patient, death, iptdiag, ovstdiag",L0068453,#2
165,SH0106,อัตราการลาออก ของบุคลากรสาย allied health,HRM: Turnover rate of allied health personnel,HOSxP,01-hosxp,01-hosxp/THIP_SH0106.sql,ทุก 3 เดือน (รายไตรมาส),"1, 4, 7, 10",4,226,registered,บุคลากร (Human resources),"indicator_name_th, indicator_name_en","emp, emp_position_main, emp_resign, emp_resign_type","clinicmember, ipt_newborn, ipt, an_stat, er_regist, labor, ovst, patient, death, iptdiag, ovstdiag",L0068802,#2
166,SH0107,อัตราการลาออก ของบุคลากรสายสนับสนุน,HRM : Turnover rate of back office personnel,HOSxP,01-hosxp,01-hosxp/THIP_SH0107.sql,ทุก 3 เดือน (รายไตรมาส),"1, 4, 7, 10",4,227,registered,บุคลากร (Human resources),"indicator_name_th, indicator_name_en","emp, emp_position_main, emp_resign, emp_resign_type","clinicmember, ipt_newborn, ipt, an_stat, er_regist, labor, ovst, patient, death, iptdiag, ovstdiag",L0069151,#2
167,SH0301,อัตราความถี่การบาดเจ็บ/ เจ็บป่วยของบุคลากรที่เกี่ยวเนื่องจากงาน,HRH: Injury (illnesses) frequency rate : IFR,HOSxP,01-hosxp,01-hosxp/THIP_SH0301.sql,ทุกเดือน (รายเดือน),"1, 2, 3, 4, 5, 6, 7, 8, 9, 10, 11, 12",12,244,registered,บุคลากร (Human resources),"indicator_name_th, indicator_name_en","emp, emp_position_main, emp_work_sick, emp_work_sick_type, emp_work_schedule, emp_work_status","clinicmember, ipt_newborn, ipt, an_stat, er_regist, labor, ovst, patient, death, iptdiag, ovstdiag",L0069500,#2
168,SH0302,อัตราความรุนแรงของการบาดเจ็บของบุคลากรกลุ่มสัมผัสผู้ป่วยโดยตรง,HRH: Injury severity rate (ISR) of direct contact with patients,HOSxP,01-hosxp,01-hosxp/THIP_SH0302.sql,ทุกเดือน (รายเดือน),"1, 2, 3, 4, 5, 6, 7, 8, 9, 10, 11, 12",12,245,registered,บุคลากร (Human resources),"indicator_name_th, indicator_name_en","emp, emp_position_main, emp_work_sick, emp_work_sick_type, emp_work_schedule, emp_work_status","clinicmember, ipt_newborn, ipt, an_stat, er_regist, labor, ovst, patient, death, iptdiag, ovstdiag",L0069863,#2
169,SH0303,อัตราความรุนแรงของการบาดเจ็บของบุคลากรกลุ่มที่ไม่ได้สัมผัสผู้ป่วยโดยตรง,HRH: Injury severity rate (ISR) of non direct contact with patients,HOSxP,01-hosxp,01-hosxp/THIP_SH0303.sql,ทุกเดือน (รายเดือน),"1, 2, 3, 4, 5, 6, 7, 8, 9, 10, 11, 12",12,247,registered,บุคลากร (Human resources),"indicator_name_th, indicator_name_en","emp, emp_position_main, emp_work_sick, emp_work_sick_type, emp_work_schedule, emp_work_status","clinicmember, ipt_newborn, ipt, an_stat, er_regist, labor, ovst, patient, death, iptdiag, ovstdiag",L0070220,#2
170,SH0306,อัตราความถี่การบาดเจ็บ/เจ็บป่วยของบุคลากรที่เกี่ยวเนื่องจากงาน ของบุคลากรกลุ่ม สัมผัสผู้ป่วยโดยตรง,HRH: Injury (illnesses) frequency rate (IFR) of direct contact with patients,HOSxP,01-hosxp,01-hosxp/THIP_SH0306.sql,ทุกเดือน (รายเดือน),"1, 2, 3, 4, 5, 6, 7, 8, 9, 10, 11, 12",12,249,registered,บุคลากร (Human resources),"indicator_name_th, indicator_name_en","emp, emp_position_main, emp_work_sick, emp_work_sick_type, emp_work_schedule, emp_work_status","clinicmember, ipt_newborn, ipt, an_stat, er_regist, labor, ovst, patient, death, iptdiag, ovstdiag",L0070577,#2
171,SH0307,อัตราความถี่การบาดเจ็บ/เจ็บป่วยของบุคลากรที่เกี่ยวเนื่องจากงานของบุคลากรกลุ่มที่ ไม่ได้สัมผัสผู้ป่วยโดยตรง,HRH: Injury (illnesses) frequency rate (IFR) of non-direct contact with patients,HOSxP,01-hosxp,01-hosxp/THIP_SH0307.sql,ทุกเดือน (รายเดือน),"1, 2, 3, 4, 5, 6, 7, 8, 9, 10, 11, 12",12,251,registered,บุคลากร (Human resources),"indicator_name_th, indicator_name_en","emp, emp_position_main, emp_work_sick, emp_work_sick_type, emp_work_schedule, emp_work_status","clinicmember, ipt_newborn, ipt, an_stat, er_regist, labor, ovst, patient, death, iptdiag, ovstdiag",L0070941,#2
172,SL0101,อัตราส่วนการขอใช้โลหิตต่อการใช้โลหิตจริงในกลุ่มผู้ป่วยผ่าตัดประเภทต่าง ๆ,Crossmatch-to-Transfusion ratios (C:T) in elective surgery cases,HOSxP,01-hosxp,01-hosxp/THIP_SL0101.sql,ทุกเดือน (รายเดือน),"1, 2, 3, 4, 5, 6, 7, 8, 9, 10, 11, 12",12,220,registered,คลังเลือด (Blood bank),"indicator_name_th, indicator_name_en","blood_request_detail, operation_list, blood_request","clinicmember, ipt_newborn, emp, ipt, an_stat, er_regist, labor, ovst, patient, death, iptdiag, ovstdiag",L0071305,#2
173,SM0102,ร้อยละการใช้ยาปฏิชีวนะในผู้ป่วยโรคติดเชื้อทางเดินหายใจส่วนบน,Medication Use: Percent of antibiotic prescribing rate on upper respiratory infection,HOSxP,01-hosxp,01-hosxp/THIP_SM0102.sql,ทุก 6 เดือน (รายครึ่งปี),"1, 7",2,269,registered,คลังยา/เวชภัณฑ์ (Pharmacy supply),"indicator_name_th, indicator_name_en","ovstdiag, opitemrece, drugitems","clinicmember, ipt_newborn, emp, ipt, an_stat, er_regist, labor, ovst, patient, death, iptdiag",L0071654,#2
174,SM0103,ร้อยละการใช้ยาปฏิชีวนะในผู้ป่วยอุจจาระร่วงเฉียบพลัน,Medication Use: Percent of antibiotic prescribing on acute diarrhea,HOSxP,01-hosxp,01-hosxp/THIP_SM0103.sql,ทุก 6 เดือน (รายครึ่งปี),"1, 7",2,270,registered,คลังยา/เวชภัณฑ์ (Pharmacy supply),"indicator_name_th, indicator_name_en","ovstdiag, opitemrece, drugitems","clinicmember, ipt_newborn, emp, ipt, an_stat, er_regist, labor, ovst, patient, death, iptdiag",L0072006,#2
175,SM0201,จำนวนเดือนสำรองคลังยา,Medication Management : Inventory turn,HOSxP,01-hosxp,01-hosxp/THIP_SM0201.sql,ทุกเดือน (รายเดือน),"1, 2, 3, 4, 5, 6, 7, 8, 9, 10, 11, 12",12,271,registered,คลังยา/เวชภัณฑ์ (Pharmacy supply),"indicator_name_th, indicator_name_en",stock_trancation,"clinicmember, ipt_newborn, emp, ipt, an_stat, er_regist, labor, ovst, patient, death, iptdiag, ovstdiag",L0072358,#2
176,SS0102,ร้อยละการจัดอุปกรณ์เครื่องมือทางการแพทย์ ถูกต้องครบถ้วน,CSSD: Percent of exact medical equipment prepared for specific procedures,HOSxP,01-hosxp,01-hosxp/THIP_SS0102.sql,ทุกเดือน (รายเดือน),"1, 2, 3, 4, 5, 6, 7, 8, 9, 10, 11, 12",12,267,registered,งานปราศจากเชื้อ/จ่ายกลาง (CSSD),"indicator_name_th, indicator_name_en","supply_sterile, supply_sterile_list","clinicmember, ipt_newborn, emp, ipt, an_stat, er_regist, labor, ovst, patient, death, iptdiag, ovstdiag",L0072716,#2
177,SS0103,ร้อยละการจ่ายอุปกรณ์เครื่องมือทางการแพทย์ให้หน่วยงานถูกต้อง,CSSD: Percent of medical supplies which are accurately provided by the CSSD,HOSxP,01-hosxp,01-hosxp/THIP_SS0103.sql,ทุกเดือน (รายเดือน),"1, 2, 3, 4, 5, 6, 7, 8, 9, 10, 11, 12",12,268,registered,งานปราศจากเชื้อ/จ่ายกลาง (CSSD),"indicator_name_th, indicator_name_en","supply_sterile_receive, supply_sterile","clinicmember, ipt_newborn, emp, ipt, an_stat, er_regist, labor, ovst, patient, death, iptdiag, ovstdiag",L0073073,#2
1,CG0103,อัตราความชุกของแผลกดทับ,Pressure ulcer/injury: Hospital-acquired pressure ulcer/injury,ภายนอก HOSxP,02-external,02-external/THIP_CG0103.sql,ทุก 3 เดือน (รายไตรมาส),"1, 4, 7, 10",4,200,registered,ความปลอดภัยผู้ป่วย (Patient safety),"indicator_name_th, indicator_name_en",reporting.thip_external_facts,,L0073475,#3.2
2,CG0104,อัตราความชุกของแผลกดทับที่เกิดในโรงพยาบาล,Pressure ulcer/injury: Hospital acquired pressure ulcer/Injury (HAPI) rate,ภายนอก HOSxP,02-external,02-external/THIP_CG0104.sql,ทุก 3 เดือน (รายไตรมาส),"1, 4, 7, 10",4,202,registered,ความปลอดภัยผู้ป่วย (Patient safety),"indicator_name_th, indicator_name_en",reporting.thip_external_facts,,L0073556,#3.2
3,DE1301,อัตราการตั้งครรภ์ต่อรอบการใส่ตัวอ่อนของผู้รับบริการทำเด็กหลอดแก้วและย้ายตัวอ่อน รอบสด (กลุ่มอายุน้อยกว่า 34 ปี),Infertility: Clinical pregnancy rate per embryo transfer following IVF/ICSI and fresh embryo transfer (age < 34 years),ภายนอก HOSxP,02-external,02-external/THIP_DE1301.sql,ทุกปี (รายปี),1,1,145,registered,ทารกแรกเกิด/เด็ก (Newborn & child),"indicator_name_th, indicator_name_en",reporting.thip_external_facts,,L0073637,#3.2
4,DE1302,อัตราการตั้งครรภ์ต่อรอบการใส่ตัวอ่อนของผู้รับบริการทำเด็กหลอดแก้วและย้ายตัวอ่อน รอบสด (กลุ่มอายุ 34 - 39 ปี),Infertility: Clinical pregnancy rate per embryo transfer following IVF/ICSI and fresh embryo transfer (age 34 - 39 Years),ภายนอก HOSxP,02-external,02-external/THIP_DE1302.sql,ทุกปี (รายปี),1,1,146,registered,ทารกแรกเกิด/เด็ก (Newborn & child),"indicator_name_th, indicator_name_en",reporting.thip_external_facts,,L0073718,#3.2
5,DE1303,อัตราการตั้งครรภ์ต่อรอบการใส่ตัวอ่อนของผู้รับบริการทำเด็กหลอดแก้วและย้ายตัวอ่อน รอบสด (กลุ่มอายุ 40 ปีขึ้นไป),Infertility: Clinical pregnancy rate per embryo transfer following IVF/ICSI and fresh embryo transfer (age > 40 years),ภายนอก HOSxP,02-external,02-external/THIP_DE1303.sql,ทุกปี (รายปี),1,1,147,registered,ทารกแรกเกิด/เด็ก (Newborn & child),"indicator_name_th, indicator_name_en",reporting.thip_external_facts,,L0073799,#3.2
6,DE1304,อัตราการตั้งครรภ์ต่อรอบการใส่ตัวอ่อนของผู้รับบริการทำเด็กหลอดแก้วและย้ายตัวอ่อน รอบแช่แข็ง (กลุ่มอายุน้อยกว่า 34 ปี),Infertility: Clinical pregnancy rate per embryo transfer following IVF/ICSI and frozen embryo transfer (age < 34 years),ภายนอก HOSxP,02-external,02-external/THIP_DE1304.sql,ทุกปี (รายปี),1,1,148,registered,ทารกแรกเกิด/เด็ก (Newborn & child),"indicator_name_th, indicator_name_en",reporting.thip_external_facts,,L0073880,#3.2
7,DE1305,อัตราการตั้งครรภ์ต่อรอบการใส่ตัวอ่อนของผู้รับบริการทำเด็กหลอดแก้วและย้ายตัวอ่อน รอบแช่แข็ง (กลุ่มอายุ 34 - 39 ปี),Infertility: Clinical pregnancy rate per embryo transfer following IVF/ICSI and frozen embryo transfer (age 34 - 39 years),ภายนอก HOSxP,02-external,02-external/THIP_DE1305.sql,ทุกปี (รายปี),1,1,149,registered,ทารกแรกเกิด/เด็ก (Newborn & child),"indicator_name_th, indicator_name_en",reporting.thip_external_facts,,L0073961,#3.2
8,DE1306,อัตราการตั้งครรภ์ต่อรอบการใส่ตัวอ่อนของผู้รับบริการทำเด็กหลอดแก้วและย้ายตัวอ่อน รอบแช่แข็ง (กลุ่มอายุ 40 ปีขึ้นไป),Infertility: Clinical pregnancy rate per embryo transfer following IVF/ICSI and frozen embryo transfer (age > 40 years),ภายนอก HOSxP,02-external,02-external/THIP_DE1306.sql,ทุกปี (รายปี),1,1,150,registered,ทารกแรกเกิด/เด็ก (Newborn & child),"indicator_name_th, indicator_name_en",reporting.thip_external_facts,,L0074042,#3.2
9,DE1601,ร้อยละของทารกแรกเกิดที่ได้รับการตรวจคัดกรองการได้ยิน ภายใน 30 วัน,Newborn: Percent of hearing screening within 30 days,ภายนอก HOSxP,02-external,02-external/THIP_DE1601.sql,ทุกปี (รายปี),1,1,159,registered,ทารกแรกเกิด/เด็ก (Newborn & child),"indicator_name_th, indicator_name_en",reporting.thip_external_facts,,L0074123,#3.2
10,DM0103,ร้อยละเด็กพัฒนาการล่าช้ารอบด้าน (Global development delay: GDD) คงอยู่ใน ระบบการศึกษาได้อย่างน้อย 1 ปี,GDD: Percent of children with Global development delay that are included in educational system for at least 1 year,ภายนอก HOSxP,02-external,02-external/THIP_DM0103.sql,ทุกปี (รายปี),1,1,162,registered,พัฒนาการเด็ก/จิตเวชเด็ก (Development),"indicator_name_th, indicator_name_en",reporting.thip_external_facts,,L0074204,#3.2
11,DM0203,ร้อยละเด็กออทิสติกคงอยู่ในระบบการศึกษาได้อย่างน้อย 1 ปี,ASD: Percent of children with Autism spectrum disorder (ASD) that are included in educational system for at least 1 year,ภายนอก HOSxP,02-external,02-external/THIP_DM0203.sql,ทุกปี (รายปี),1,1,165,registered,พัฒนาการเด็ก/จิตเวชเด็ก (Development),"indicator_name_th, indicator_name_en",reporting.thip_external_facts,,L0074285,#3.2
12,DM0401,ร้อยละผู้ป่วยเด็กสมาธิสั้นรายใหม่อาการดีขึ้นภายใน 6 เดือน,Child and adolescent psychiatry: Percent of children with Attention-Deficit Hyperactivity Disorder (ADHD) improved after intervented for 6 months,ภายนอก HOSxP,02-external,02-external/THIP_DM0401.sql,ทุก 6 เดือน (รายครึ่งปี),"1, 7",2,168,registered,พัฒนาการเด็ก/จิตเวชเด็ก (Development),"indicator_name_th, indicator_name_en",reporting.thip_external_facts,,L0074366,#3.2
13,DM0402,ร้อยละผู้ป่วยเด็กซึมเศร้าอาการดีขึ้นภายใน 6 เดือน,Child and adolescent psychiatry: Percent of children and adolescents with Major depressive disorder (MDD) improved after intervented for 6 months,ภายนอก HOSxP,02-external,02-external/THIP_DM0402.sql,ทุก 6 เดือน (รายครึ่งปี),"1, 7",2,169,registered,พัฒนาการเด็ก/จิตเวชเด็ก (Development),"indicator_name_th, indicator_name_en",reporting.thip_external_facts,,L0074447,#3.2
14,DS0101,ร้อยละของผู้ติดยาเสพติดกลุ่ม Methamphetamine โดยรวมที่หยุดเสพต่อเนื่อง 3 เดือน,Methamphetamine group: 3 months total remission rate,ภายนอก HOSxP,02-external,02-external/THIP_DS0101.sql,ทุก 3 เดือน (รายไตรมาส),"1, 4, 7, 10",4,135,registered,ยาเสพติด/สุรา/ยาสูบ (Substance),"indicator_name_th, indicator_name_en",reporting.thip_external_facts,,L0074528,#3.2
15,DS0201,ร้อยละของผู้ติดสุราโดยรวม ที่หยุดเสพต่อเนื่อง 3 เดือน,Alcohol group: 3 months total remission rate,ภายนอก HOSxP,02-external,02-external/THIP_DS0201.sql,ทุก 3 เดือน (รายไตรมาส),"1, 4, 7, 10",4,136,registered,ยาเสพติด/สุรา/ยาสูบ (Substance),"indicator_name_th, indicator_name_en",reporting.thip_external_facts,,L0074609,#3.2
16,DS0301,ร้อยละของผู้ติดยาสูบโดยรวม ที่หยุดเสพต่อเนื่อง 3 เดือน,Tobacco group: 3 months total remission rate,ภายนอก HOSxP,02-external,02-external/THIP_DS0301.sql,ทุก 3 เดือน (รายไตรมาส),"1, 4, 7, 10",4,137,registered,ยาเสพติด/สุรา/ยาสูบ (Substance),"indicator_name_th, indicator_name_en",reporting.thip_external_facts,,L0074690,#3.2
17,SC0101,ร้อยละความพึงพอใจของผู้ป่วยนอก (ภาพรวม),Customer: Percent of outpatient satisfaction (overall),ภายนอก HOSxP,02-external,02-external/THIP_SC0101.sql,ทุก 6 เดือน (รายครึ่งปี),"1, 7",2,259,registered,ความพึงพอใจลูกค้า (Customer),"indicator_name_th, indicator_name_en",reporting.thip_external_facts,,L0074771,#3.2
18,SC0102,ร้อยละความพึงพอใจของผู้ป่วยใน (ภาพรวม),Customer: Percent of inpatient satisfaction (overall),ภายนอก HOSxP,02-external,02-external/THIP_SC0102.sql,ทุก 6 เดือน (รายครึ่งปี),"1, 7",2,260,registered,ความพึงพอใจลูกค้า (Customer),"indicator_name_th, indicator_name_en",reporting.thip_external_facts,,L0074852,#3.2
19,SC0103,ร้อยละของผู้ป่วยนอกที่จะกลับมาใช้บริการซ้ำ,Customer: Percent of outpatients who return to receive care,ภายนอก HOSxP,02-external,02-external/THIP_SC0103.sql,ทุก 6 เดือน (รายครึ่งปี),"1, 7",2,261,registered,ความพึงพอใจลูกค้า (Customer),"indicator_name_th, indicator_name_en",reporting.thip_external_facts,,L0074933,#3.2
20,SC0104,ร้อยละของผู้ป่วยในที่จะกลับมาใช้บริการซ้ำ,Customer: Percent of inpatients who return to receive care,ภายนอก HOSxP,02-external,02-external/THIP_SC0104.sql,ทุก 6 เดือน (รายครึ่งปี),"1, 7",2,262,registered,ความพึงพอใจลูกค้า (Customer),"indicator_name_th, indicator_name_en",reporting.thip_external_facts,,L0075014,#3.2
21,SC0105,ร้อยละผู้ป่วยนอกที่จะแนะนำญาติหรือคนรู้จักมาใช้บริการ,Customer: Percent of outpatients who would recommend friends or family to receive care at this facility,ภายนอก HOSxP,02-external,02-external/THIP_SC0105.sql,ทุก 6 เดือน (รายครึ่งปี),"1, 7",2,263,registered,ความพึงพอใจลูกค้า (Customer),"indicator_name_th, indicator_name_en",reporting.thip_external_facts,,L0075095,#3.2
22,SC0106,ร้อยละของผู้ป่วยในที่จะแนะนำญาติหรือคนรู้จักมาใช้บริการ,Customer: Percent of inpatients who would recommend friends or family to receive care at this facility,ภายนอก HOSxP,02-external,02-external/THIP_SC0106.sql,ทุก 6 เดือน (รายครึ่งปี),"1, 7",2,264,registered,ความพึงพอใจลูกค้า (Customer),"indicator_name_th, indicator_name_en",reporting.thip_external_facts,,L0075176,#3.2
23,SF0101,อัตราส่วนทุนหมุนเวียน,Financial: Current ratio,ภายนอก HOSxP,02-external,02-external/THIP_SF0101.sql,ทุกปี (รายปี),1,1,253,registered,การเงิน (Finance),"indicator_name_th, indicator_name_en",reporting.thip_external_facts,,L0075257,#3.2
24,SF0102,อัตราส่วนทุนหมุนเวียนเร็ว (อัตราส่วนสินทรัพย์สภาพคล่อง),Financial: Quick ratio,ภายนอก HOSxP,02-external,02-external/THIP_SF0102.sql,ทุกปี (รายปี),1,1,254,registered,การเงิน (Finance),"indicator_name_th, indicator_name_en",reporting.thip_external_facts,,L0075338,#3.2
25,SF0103,อัตราหมุนเวียนของสินทรัพย์ถาวร,Financial: Fixed asset turnover,ภายนอก HOSxP,02-external,02-external/THIP_SF0103.sql,ทุกปี (รายปี),1,1,255,registered,การเงิน (Finance),"indicator_name_th, indicator_name_en",reporting.thip_external_facts,,L0075419,#3.2
26,SF0104,ระยะเวลาถัวเฉลี่ยในการเรียกเก็บลูกหนี้ค่ารักษาสุทธิ,Financial: Day in account receivable (average collection period for account receivables),ภายนอก HOSxP,02-external,02-external/THIP_SF0104.sql,ทุกปี (รายปี),1,1,256,registered,การเงิน (Finance),"indicator_name_th, indicator_name_en",reporting.thip_external_facts,,L0075500,#3.2
27,SF0105,อัตราส่วนระหว่างกำไรสุทธิ กับยอดขายสุทธิ,Financial: Net profit margin,ภายนอก HOSxP,02-external,02-external/THIP_SF0105.sql,ทุกปี (รายปี),1,1,257,registered,การเงิน (Finance),"indicator_name_th, indicator_name_en",reporting.thip_external_facts,,L0075581,#3.2
28,SF0106,อัตราผลตอบแทนจากสินทรัพย์รวม,Financial: Return on asset (ROA),ภายนอก HOSxP,02-external,02-external/THIP_SF0106.sql,ทุกปี (รายปี),1,1,258,registered,การเงิน (Finance),"indicator_name_th, indicator_name_en",reporting.thip_external_facts,,L0075662,#3.2
29,SG0104,สัดส่วนของขยะรีไซเคิล,Governance: Percent of recycled waste,ภายนอก HOSxP,02-external,02-external/THIP_SG0104.sql,ทุกเดือน (รายเดือน),"1, 2, 3, 4, 5, 6, 7, 8, 9, 10, 11, 12",12,265,registered,สิ่งแวดล้อม/ขยะ (Green),"indicator_name_th, indicator_name_en",reporting.thip_external_facts,,L0075743,#3.2
30,SH0201,ร้อยละความพึงพอใจของบุคลากรในองค์กรในภาพรวมของแพทย์/ทันตแพทย์ (ระดับ 4-5),HRD: Percent of physician/dentist satisfaction (level 4-5),ภายนอก HOSxP,02-external,02-external/THIP_SH0201.sql,ทุกปี (รายปี),1,1,228,registered,บุคลากร (Human resources),"indicator_name_th, indicator_name_en",reporting.thip_external_facts,,L0075824,#3.2
31,SH0202,ร้อยละความพึงพอใจ ของบุคลากรในองค์กรในภาพรวมของพยาบาลวิชาชีพ (ระดับ 4-5),HRD: Percent of nurse satisfaction (level 4-5),ภายนอก HOSxP,02-external,02-external/THIP_SH0202.sql,ทุกปี (รายปี),1,1,229,registered,บุคลากร (Human resources),"indicator_name_th, indicator_name_en",reporting.thip_external_facts,,L0075905,#3.2
32,SH0203,ร้อยละความพึงพอใจ ของบุคลากรในองค์กรในภาพรวมของบุคลากรสาย Allied Health (ระดับ 4-5),HRD: Percent of allied health personel satisfaction (level 4-5),ภายนอก HOSxP,02-external,02-external/THIP_SH0203.sql,ทุกปี (รายปี),1,1,230,registered,บุคลากร (Human resources),"indicator_name_th, indicator_name_en",reporting.thip_external_facts,,L0075986,#3.2
33,SH0204,สัดส่วนชั่วโมงการฝึกอบรมต่อคนต่อปีของแพทย์/ ทันตแพทย์,HRD: Training hour per person per year of physician/dentist,ภายนอก HOSxP,02-external,02-external/THIP_SH0204.sql,ทุกปี (รายปี),1,1,231,registered,บุคลากร (Human resources),"indicator_name_th, indicator_name_en",reporting.thip_external_facts,,L0076067,#3.2
34,SH0205,สัดส่วนชั่วโมงการฝึกอบรมต่อคนต่อปีของพยาบาลวิชาชีพ,HRD: Training hour per person per year of nurse,ภายนอก HOSxP,02-external,02-external/THIP_SH0205.sql,ทุกปี (รายปี),1,1,232,registered,บุคลากร (Human resources),"indicator_name_th, indicator_name_en",reporting.thip_external_facts,,L0076148,#3.2
35,SH0206,ร้อยละความพึงพอใจของบุคลากรในองค์กรในภาพรวมของแพทย์/ทันตแพทย์ (ค่าเฉลี่ย),HRD: Percent of physician/dentist satisfaction (average),ภายนอก HOSxP,02-external,02-external/THIP_SH0206.sql,ทุกปี (รายปี),1,1,233,registered,บุคลากร (Human resources),"indicator_name_th, indicator_name_en",reporting.thip_external_facts,,L0076229,#3.2
36,SH0207,ร้อยละความพึงพอใจของบุคลากรในองค์กรในภาพรวมของแพทย์/ทันตแพทย์(ระดับ 1-2),HRD: Percent of physician/dentist satisfaction (level 1-2),ภายนอก HOSxP,02-external,02-external/THIP_SH0207.sql,ทุกปี (รายปี),1,1,234,registered,บุคลากร (Human resources),"indicator_name_th, indicator_name_en",reporting.thip_external_facts,,L0076310,#3.2
37,SH0208,ร้อยละความพึงพอใจของบุคลากรในองค์กรในภาพรวมของพยาบาลวิชาชีพ (ค่าเฉลี่ย),HRD: Percentage of nurse satisfaction (average),ภายนอก HOSxP,02-external,02-external/THIP_SH0208.sql,ทุกปี (รายปี),1,1,235,registered,บุคลากร (Human resources),"indicator_name_th, indicator_name_en",reporting.thip_external_facts,,L0076391,#3.2
38,SH0209,ร้อยละความพึงพอใจของบุคลากรในองค์กรในภาพรวมของพยาบาลวิชาชีพ (ระดับ 1-2),HRD: Percentage of nurse satisfaction (level 1-2),ภายนอก HOSxP,02-external,02-external/THIP_SH0209.sql,ทุกปี (รายปี),1,1,236,registered,บุคลากร (Human resources),"indicator_name_th, indicator_name_en",reporting.thip_external_facts,,L0076472,#3.2
39,SH0210,ร้อยละความพึงพอใจของบุคลากรในองค์กรในภาพรวมของบุคลากรสาย allied health (ค่าเฉลี่ย),HRD: Percentage of allied health personel satisfaction (average),ภายนอก HOSxP,02-external,02-external/THIP_SH0210.sql,ทุกปี (รายปี),1,1,237,registered,บุคลากร (Human resources),"indicator_name_th, indicator_name_en",reporting.thip_external_facts,,L0076553,#3.2
40,SH0211,ร้อยละความพึงพอใจของบุคลากรในองค์กรในภาพรวมของบุคลากรสาย allied health (ระดับ 1-2),HRD: Percentage of allied health personel satisfaction (level 1-2),ภายนอก HOSxP,02-external,02-external/THIP_SH0211.sql,ทุกปี (รายปี),1,1,238,registered,บุคลากร (Human resources),"indicator_name_th, indicator_name_en",reporting.thip_external_facts,,L0076634,#3.2
41,SH0212,ร้อยละความพึงพอใจของบุคลากรในองค์กรในภาพรวมของบุคลากรสายสนับสนุน(ค่าเฉลี่ย),HRD: Percentage of back office personel satisfaction (average),ภายนอก HOSxP,02-external,02-external/THIP_SH0212.sql,ทุกปี (รายปี),1,1,239,registered,บุคลากร (Human resources),"indicator_name_th, indicator_name_en",reporting.thip_external_facts,,L0076715,#3.2
42,SH0213,ร้อยละความพึงพอใจของบุคลากรในองค์กรในภาพรวมของบุคลากรสายสนับสนุน (ระดับ 4-5),HRD: Percentage of back office personel satisfaction (level 4-5),ภายนอก HOSxP,02-external,02-external/THIP_SH0213.sql,ทุกปี (รายปี),1,1,240,registered,บุคลากร (Human resources),"indicator_name_th, indicator_name_en",reporting.thip_external_facts,,L0076796,#3.2
43,SH0214,ร้อยละความพึงพอใจของบุคลากรในองค์กรในภาพรวมของบุคลากรสายสนับสนุน (ระดับ 1-2),HRD: Percentage of back office personel satisfaction (level 1-2),ภายนอก HOSxP,02-external,02-external/THIP_SH0214.sql,ทุกปี (รายปี),1,1,241,registered,บุคลากร (Human resources),"indicator_name_th, indicator_name_en",reporting.thip_external_facts,,L0076877,#3.2
44,SH0215,สัดส่วนชั่วโมงการฝึกอบรมต่อคนต่อปีของบุคลากรสาย allied health,HRD: Training hour per person per year of allied health personel,ภายนอก HOSxP,02-external,02-external/THIP_SH0215.sql,ทุกปี (รายปี),1,1,242,registered,บุคลากร (Human resources),"indicator_name_th, indicator_name_en",reporting.thip_external_facts,,L0076958,#3.2
45,SH0216,สัดส่วนชั่วโมงการฝึกอบรมต่อคนต่อปีของบุคลากรสายสนับสนุน,HRD: Training hour per person per year of back office personel,ภายนอก HOSxP,02-external,02-external/THIP_SH0216.sql,ทุกปี (รายปี),1,1,243,registered,บุคลากร (Human resources),"indicator_name_th, indicator_name_en",reporting.thip_external_facts,,L0077039,#3.2
46,SI0101,อัตราการติดเชื้อปอดอักเสบจากการใช้เครื่องช่วยหายใจ (ภาพรวม),VAP: Rate of ventilator-associated pneumonia (All),ภายนอก HOSxP,02-external,02-external/THIP_SI0101.sql,ทุกเดือน (รายเดือน),"1, 2, 3, 4, 5, 6, 7, 8, 9, 10, 11, 12",12,211,registered,การติดเชื้อในโรงพยาบาล (HAI),"indicator_name_th, indicator_name_en",reporting.thip_external_facts,,L0077120,#3.2
47,SI0102,อัตราการติดเชื้อปอดอักเสบจากการใช้เครื่องช่วยหายใจ ของผู้ป่วยที่นอนรักษาใน ICU,VAP: Rate of ventilator-associated pneumonia in ICU,ภายนอก HOSxP,02-external,02-external/THIP_SI0102.sql,ทุกเดือน (รายเดือน),"1, 2, 3, 4, 5, 6, 7, 8, 9, 10, 11, 12",12,212,registered,การติดเชื้อในโรงพยาบาล (HAI),"indicator_name_th, indicator_name_en",reporting.thip_external_facts,,L0077201,#3.2
48,SI0103,อัตราการติดเชื้อปอดอักเสบจากการใช้เครื่องช่วยหายใจ ของผู้ป่วยที่นอนรักษานอก ICU ของโรงพยาบาล,VAP: Rate of Ventilator-associated pneumonia outside ICU,ภายนอก HOSxP,02-external,02-external/THIP_SI0103.sql,ทุกเดือน (รายเดือน),"1, 2, 3, 4, 5, 6, 7, 8, 9, 10, 11, 12",12,213,registered,การติดเชื้อในโรงพยาบาล (HAI),"indicator_name_th, indicator_name_en",reporting.thip_external_facts,,L0077282,#3.2
49,SI0201,อัตราการติดเชื้อในกระแสเลือดจากการคาสายสวนหลอดเลือดส่วนกลาง (ภาพรวม),BSI: Rate of CABSI (All),ภายนอก HOSxP,02-external,02-external/THIP_SI0201.sql,ทุกเดือน (รายเดือน),"1, 2, 3, 4, 5, 6, 7, 8, 9, 10, 11, 12",12,214,registered,การติดเชื้อในโรงพยาบาล (HAI),"indicator_name_th, indicator_name_en",reporting.thip_external_facts,,L0077363,#3.2
50,SI0202,อัตราการติดเชื้อในกระแสเลือดจากการคาสายสวนหลอดเลือดส่วนกลาง ของผู้ป่วยที่นอน รักษาใน ICU,BSI: Rate of CABSI in ICU,ภายนอก HOSxP,02-external,02-external/THIP_SI0202.sql,ทุกเดือน (รายเดือน),"1, 2, 3, 4, 5, 6, 7, 8, 9, 10, 11, 12",12,215,registered,การติดเชื้อในโรงพยาบาล (HAI),"indicator_name_th, indicator_name_en",reporting.thip_external_facts,,L0077444,#3.2
51,SI0203,อัตราการติดเชื้อในกระแสเลือดจากการคาสายสวนหลอดเลือดส่วนกลาง ของผู้ป่วยที่นอน รักษานอก ICU ของโรงพยาบาล,BSI: Rate of CABSI outside ICU,ภายนอก HOSxP,02-external,02-external/THIP_SI0203.sql,ทุกเดือน (รายเดือน),"1, 2, 3, 4, 5, 6, 7, 8, 9, 10, 11, 12",12,216,registered,การติดเชื้อในโรงพยาบาล (HAI),"indicator_name_th, indicator_name_en",reporting.thip_external_facts,,L0077525,#3.2
52,SI0301,อัตราการติดเชื้อระบบทางเดินปัสสาวะจากการคาสายสวนปัสสาวะ (ภาพรวม),CAUTI: Rate of CAUTI (All),ภายนอก HOSxP,02-external,02-external/THIP_SI0301.sql,ทุกเดือน (รายเดือน),"1, 2, 3, 4, 5, 6, 7, 8, 9, 10, 11, 12",12,217,registered,การติดเชื้อในโรงพยาบาล (HAI),"indicator_name_th, indicator_name_en",reporting.thip_external_facts,,L0077606,#3.2
53,SI0302,อัตราการติดเชื้อระบบทางเดินปัสสาวะจากการคาสายสวนปัสสาวะ ของผู้ป่วยที่นอนรักษา ใน ICU,CAUTI: Rate of CAUTI in ICU,ภายนอก HOSxP,02-external,02-external/THIP_SI0302.sql,ทุกเดือน (รายเดือน),"1, 2, 3, 4, 5, 6, 7, 8, 9, 10, 11, 12",12,218,registered,การติดเชื้อในโรงพยาบาล (HAI),"indicator_name_th, indicator_name_en",reporting.thip_external_facts,,L0077687,#3.2
54,SI0303,อัตราการติดเชื้อระบบทางเดินปัสสาวะจากการคาสายสวนปัสสาวะ ของผู้ป่วยที่นอนรักษา นอก ICU ของโรงพยาบาล,CAUTI: Rate of CAUTI outside ICU,ภายนอก HOSxP,02-external,02-external/THIP_SI0303.sql,ทุกเดือน (รายเดือน),"1, 2, 3, 4, 5, 6, 7, 8, 9, 10, 11, 12",12,219,registered,การติดเชื้อในโรงพยาบาล (HAI),"indicator_name_th, indicator_name_en",reporting.thip_external_facts,,L0077768,#3.2
55,SS0101,ร้อยละการตรวจสอบประสิทธิภาพการทำปราศจากเชื้อผ่านเกณฑ์,CSSD: Percent of examination of effective sterilization,ภายนอก HOSxP,02-external,02-external/THIP_SS0101.sql,ทุกเดือน (รายเดือน),"1, 2, 3, 4, 5, 6, 7, 8, 9, 10, 11, 12",12,266,registered,งานปราศจากเชื้อ/จ่ายกลาง (CSSD),"indicator_name_th, indicator_name_en",reporting.thip_external_facts,,L0077849,#3.2
